date_key,year,month,day,day_of_week,is_weekend,is_holiday_vancouver,holiday_name_vancouver,is_holiday_denver,holiday_name_denver
20150101,2015,1,1,Thursday,0,1,New Year's Day,1,New Year's Day
20150102,2015,1,2,Friday,0,0,,0,
20150103,2015,1,3,Saturday,1,0,,0,
20150104,2015,1,4,Sunday,1,0,,0,
20150105,2015,1,5,Monday,0,0,,0,
20150106,2015,1,6,Tuesday,0,0,,0,
20150107,2015,1,7,Wednesday,0,0,,0,
20150108,2015,1,8,Thursday,0,0,,0,
20150109,2015,1,9,Friday,0,0,,0,
20150110,2015,1,10,Saturday,1,0,,0,
20150111,2015,1,11,Sunday,1,0,,0,
20150112,2015,1,12,Monday,0,0,,0,
20150113,2015,1,13,Tuesday,0,0,,0,
20150114,2015,1,14,Wednesday,0,0,,0,
20150115,2015,1,15,Thursday,0,0,,0,
20150116,2015,1,16,Friday,0,0,,0,
20150117,2015,1,17,Saturday,1,0,,0,
20150118,2015,1,18,Sunday,1,0,,0,
20150119,2015,1,19,Monday,0,0,,1,"Martin Luther King, Jr. Day"
20150120,2015,1,20,Tuesday,0,0,,0,
20150121,2015,1,21,Wednesday,0,0,,0,
20150122,2015,1,22,Thursday,0,0,,0,
20150123,2015,1,23,Friday,0,0,,0,
20150124,2015,1,24,Saturday,1,0,,0,
20150125,2015,1,25,Sunday,1,0,,0,
20150126,2015,1,26,Monday,0,0,,0,
20150127,2015,1,27,Tuesday,0,0,,0,
20150128,2015,1,28,Wednesday,0,0,,0,
20150129,2015,1,29,Thursday,0,0,,0,
20150130,2015,1,30,Friday,0,0,,0,
20150131,2015,1,31,Saturday,1,0,,0,
20150201,2015,2,1,Sunday,1,0,,0,
20150202,2015,2,2,Monday,0,0,,0,
20150203,2015,2,3,Tuesday,0,0,,0,
20150204,2015,2,4,Wednesday,0,0,,0,
20150205,2015,2,5,Thursday,0,0,,0,
20150206,2015,2,6,Friday,0,0,,0,
20150207,2015,2,7,Saturday,1,0,,0,
20150208,2015,2,8,Sunday,1,0,,0,
20150209,2015,2,9,Monday,0,1,Family Day,0,
20150210,2015,2,10,Tuesday,0,0,,0,
20150211,2015,2,11,Wednesday,0,0,,0,
20150212,2015,2,12,Thursday,0,0,,0,
20150213,2015,2,13,Friday,0,0,,0,
20150214,2015,2,14,Saturday,1,0,,0,
20150215,2015,2,15,Sunday,1,0,,0,
20150216,2015,2,16,Monday,0,0,,1,President's Day
20150217,2015,2,17,Tuesday,0,0,,0,
20150218,2015,2,18,Wednesday,0,0,,0,
20150219,2015,2,19,Thursday,0,0,,0,
20150220,2015,2,20,Friday,0,0,,0,
20150221,2015,2,21,Saturday,1,0,,0,
20150222,2015,2,22,Sunday,1,0,,0,
20150223,2015,2,23,Monday,0,0,,0,
20150224,2015,2,24,Tuesday,0,0,,0,
20150225,2015,2,25,Wednesday,0,0,,0,
20150226,2015,2,26,Thursday,0,0,,0,
20150227,2015,2,27,Friday,0,0,,0,
20150228,2015,2,28,Saturday,1,0,,0,
20150301,2015,3,1,Sunday,1,0,,0,
20150302,2015,3,2,Monday,0,0,,0,
20150303,2015,3,3,Tuesday,0,0,,0,
20150304,2015,3,4,Wednesday,0,0,,0,
20150305,2015,3,5,Thursday,0,0,,0,
20150306,2015,3,6,Friday,0,0,,0,
20150307,2015,3,7,Saturday,1,0,,0,
20150308,2015,3,8,Sunday,1,0,,0,
20150309,2015,3,9,Monday,0,0,,0,
20150310,2015,3,10,Tuesday,0,0,,0,
20150311,2015,3,11,Wednesday,0,0,,0,
20150312,2015,3,12,Thursday,0,0,,0,
20150313,2015,3,13,Friday,0,0,,0,
20150314,2015,3,14,Saturday,1,0,,0,
20150315,2015,3,15,Sunday,1,0,,0,
20150316,2015,3,16,Monday,0,0,,0,
20150317,2015,3,17,Tuesday,0,0,,0,
20150318,2015,3,18,Wednesday,0,0,,0,
20150319,2015,3,19,Thursday,0,0,,0,
20150320,2015,3,20,Friday,0,0,,0,
20150321,2015,3,21,Saturday,1,0,,0,
20150322,2015,3,22,Sunday,1,0,,0,
20150323,2015,3,23,Monday,0,0,,0,
20150324,2015,3,24,Tuesday,0,0,,0,
20150325,2015,3,25,Wednesday,0,0,,0,
20150326,2015,3,26,Thursday,0,0,,0,
20150327,2015,3,27,Friday,0,0,,0,
20150328,2015,3,28,Saturday,1,0,,0,
20150329,2015,3,29,Sunday,1,0,,0,
20150330,2015,3,30,Monday,0,0,,0,
20150331,2015,3,31,Tuesday,0,0,,0,
20150401,2015,4,1,Wednesday,0,0,,0,
20150402,2015,4,2,Thursday,0,0,,0,
20150403,2015,4,3,Friday,0,1,Good Friday,0,
20150404,2015,4,4,Saturday,1,0,,0,
20150405,2015,4,5,Sunday,1,0,,0,
20150406,2015,4,6,Monday,0,0,,0,
20150407,2015,4,7,Tuesday,0,0,,0,
20150408,2015,4,8,Wednesday,0,0,,0,
20150409,2015,4,9,Thursday,0,0,,0,
20150410,2015,4,10,Friday,0,0,,0,
20150411,2015,4,11,Saturday,1,0,,0,
20150412,2015,4,12,Sunday,1,0,,0,
20150413,2015,4,13,Monday,0,0,,0,
20150414,2015,4,14,Tuesday,0,0,,0,
20150415,2015,4,15,Wednesday,0,0,,0,
20150416,2015,4,16,Thursday,0,0,,0,
20150417,2015,4,17,Friday,0,0,,0,
20150418,2015,4,18,Saturday,1,0,,0,
20150419,2015,4,19,Sunday,1,0,,0,
20150420,2015,4,20,Monday,0,0,,0,
20150421,2015,4,21,Tuesday,0,0,,0,
20150422,2015,4,22,Wednesday,0,0,,0,
20150423,2015,4,23,Thursday,0,0,,0,
20150424,2015,4,24,Friday,0,0,,0,
20150425,2015,4,25,Saturday,1,0,,0,
20150426,2015,4,26,Sunday,1,0,,0,
20150427,2015,4,27,Monday,0,0,,0,
20150428,2015,4,28,Tuesday,0,0,,0,
20150429,2015,4,29,Wednesday,0,0,,0,
20150430,2015,4,30,Thursday,0,0,,0,
20150501,2015,5,1,Friday,0,0,,0,
20150502,2015,5,2,Saturday,1,0,,0,
20150503,2015,5,3,Sunday,1,0,,0,
20150504,2015,5,4,Monday,0,0,,0,
20150505,2015,5,5,Tuesday,0,0,,0,
20150506,2015,5,6,Wednesday,0,0,,0,
20150507,2015,5,7,Thursday,0,0,,0,
20150508,2015,5,8,Friday,0,0,,0,
20150509,2015,5,9,Saturday,1,0,,0,
20150510,2015,5,10,Sunday,1,0,,0,
20150511,2015,5,11,Monday,0,0,,0,
20150512,2015,5,12,Tuesday,0,0,,0,
20150513,2015,5,13,Wednesday,0,0,,0,
20150514,2015,5,14,Thursday,0,0,,0,
20150515,2015,5,15,Friday,0,0,,0,
20150516,2015,5,16,Saturday,1,0,,0,
20150517,2015,5,17,Sunday,1,0,,0,
20150518,2015,5,18,Monday,0,1,Victoria Day,0,
20150519,2015,5,19,Tuesday,0,0,,0,
20150520,2015,5,20,Wednesday,0,0,,0,
20150521,2015,5,21,Thursday,0,0,,0,
20150522,2015,5,22,Friday,0,0,,0,
20150523,2015,5,23,Saturday,1,0,,0,
20150524,2015,5,24,Sunday,1,0,,0,
20150525,2015,5,25,Monday,0,0,,1,Memorial Day
20150526,2015,5,26,Tuesday,0,0,,0,
20150527,2015,5,27,Wednesday,0,0,,0,
20150528,2015,5,28,Thursday,0,0,,0,
20150529,2015,5,29,Friday,0,0,,0,
20150530,2015,5,30,Saturday,1,0,,0,
20150531,2015,5,31,Sunday,1,0,,0,
20150601,2015,6,1,Monday,0,0,,0,
20150602,2015,6,2,Tuesday,0,0,,0,
20150603,2015,6,3,Wednesday,0,0,,0,
20150604,2015,6,4,Thursday,0,0,,0,
20150605,2015,6,5,Friday,0,0,,0,
20150606,2015,6,6,Saturday,1,0,,0,
20150607,2015,6,7,Sunday,1,0,,0,
20150608,2015,6,8,Monday,0,0,,0,
20150609,2015,6,9,Tuesday,0,0,,0,
20150610,2015,6,10,Wednesday,0,0,,0,
20150611,2015,6,11,Thursday,0,0,,0,
20150612,2015,6,12,Friday,0,0,,0,
20150613,2015,6,13,Saturday,1,0,,0,
20150614,2015,6,14,Sunday,1,0,,0,
20150615,2015,6,15,Monday,0,0,,0,
20150616,2015,6,16,Tuesday,0,0,,0,
20150617,2015,6,17,Wednesday,0,0,,0,
20150618,2015,6,18,Thursday,0,0,,0,
20150619,2015,6,19,Friday,0,0,,0,
20150620,2015,6,20,Saturday,1,0,,0,
20150621,2015,6,21,Sunday,1,0,,0,
20150622,2015,6,22,Monday,0,0,,0,
20150623,2015,6,23,Tuesday,0,0,,0,
20150624,2015,6,24,Wednesday,0,0,,0,
20150625,2015,6,25,Thursday,0,0,,0,
20150626,2015,6,26,Friday,0,0,,0,
20150627,2015,6,27,Saturday,1,0,,0,
20150628,2015,6,28,Sunday,1,0,,0,
20150629,2015,6,29,Monday,0,0,,0,
20150630,2015,6,30,Tuesday,0,0,,0,
20150701,2015,7,1,Wednesday,0,1,Canada Day,0,
20150702,2015,7,2,Thursday,0,0,,0,
20150703,2015,7,3,Friday,0,0,,1,Independence Day
20150704,2015,7,4,Saturday,1,0,,0,
20150705,2015,7,5,Sunday,1,0,,0,
20150706,2015,7,6,Monday,0,0,,0,
20150707,2015,7,7,Tuesday,0,0,,0,
20150708,2015,7,8,Wednesday,0,0,,0,
20150709,2015,7,9,Thursday,0,0,,0,
20150710,2015,7,10,Friday,0,0,,0,
20150711,2015,7,11,Saturday,1,0,,0,
20150712,2015,7,12,Sunday,1,0,,0,
20150713,2015,7,13,Monday,0,0,,0,
20150714,2015,7,14,Tuesday,0,0,,0,
20150715,2015,7,15,Wednesday,0,0,,0,
20150716,2015,7,16,Thursday,0,0,,0,
20150717,2015,7,17,Friday,0,0,,0,
20150718,2015,7,18,Saturday,1,0,,0,
20150719,2015,7,19,Sunday,1,0,,0,
20150720,2015,7,20,Monday,0,0,,0,
20150721,2015,7,21,Tuesday,0,0,,0,
20150722,2015,7,22,Wednesday,0,0,,0,
20150723,2015,7,23,Thursday,0,0,,0,
20150724,2015,7,24,Friday,0,0,,0,
20150725,2015,7,25,Saturday,1,0,,0,
20150726,2015,7,26,Sunday,1,0,,0,
20150727,2015,7,27,Monday,0,0,,0,
20150728,2015,7,28,Tuesday,0,0,,0,
20150729,2015,7,29,Wednesday,0,0,,0,
20150730,2015,7,30,Thursday,0,0,,0,
20150731,2015,7,31,Friday,0,0,,0,
20150801,2015,8,1,Saturday,1,0,,0,
20150802,2015,8,2,Sunday,1,0,,0,
20150803,2015,8,3,Monday,0,1,B.C. Day,0,
20150804,2015,8,4,Tuesday,0,0,,0,
20150805,2015,8,5,Wednesday,0,0,,0,
20150806,2015,8,6,Thursday,0,0,,0,
20150807,2015,8,7,Friday,0,0,,0,
20150808,2015,8,8,Saturday,1,0,,0,
20150809,2015,8,9,Sunday,1,0,,0,
20150810,2015,8,10,Monday,0,0,,0,
20150811,2015,8,11,Tuesday,0,0,,0,
20150812,2015,8,12,Wednesday,0,0,,0,
20150813,2015,8,13,Thursday,0,0,,0,
20150814,2015,8,14,Friday,0,0,,0,
20150815,2015,8,15,Saturday,1,0,,0,
20150816,2015,8,16,Sunday,1,0,,0,
20150817,2015,8,17,Monday,0,0,,0,
20150818,2015,8,18,Tuesday,0,0,,0,
20150819,2015,8,19,Wednesday,0,0,,0,
20150820,2015,8,20,Thursday,0,0,,0,
20150821,2015,8,21,Friday,0,0,,0,
20150822,2015,8,22,Saturday,1,0,,0,
20150823,2015,8,23,Sunday,1,0,,0,
20150824,2015,8,24,Monday,0,0,,0,
20150825,2015,8,25,Tuesday,0,0,,0,
20150826,2015,8,26,Wednesday,0,0,,0,
20150827,2015,8,27,Thursday,0,0,,0,
20150828,2015,8,28,Friday,0,0,,0,
20150829,2015,8,29,Saturday,1,0,,0,
20150830,2015,8,30,Sunday,1,0,,0,
20150831,2015,8,31,Monday,0,0,,0,
20150901,2015,9,1,Tuesday,0,0,,0,
20150902,2015,9,2,Wednesday,0,0,,0,
20150903,2015,9,3,Thursday,0,0,,0,
20150904,2015,9,4,Friday,0,0,,0,
20150905,2015,9,5,Saturday,1,0,,0,
20150906,2015,9,6,Sunday,1,0,,0,
20150907,2015,9,7,Monday,0,1,Labour Day,1,Labor Day
20150908,2015,9,8,Tuesday,0,0,,0,
20150909,2015,9,9,Wednesday,0,0,,0,
20150910,2015,9,10,Thursday,0,0,,0,
20150911,2015,9,11,Friday,0,0,,0,
20150912,2015,9,12,Saturday,1,0,,0,
20150913,2015,9,13,Sunday,1,0,,0,
20150914,2015,9,14,Monday,0,0,,0,
20150915,2015,9,15,Tuesday,0,0,,0,
20150916,2015,9,16,Wednesday,0,0,,0,
20150917,2015,9,17,Thursday,0,0,,0,
20150918,2015,9,18,Friday,0,0,,0,
20150919,2015,9,19,Saturday,1,0,,0,
20150920,2015,9,20,Sunday,1,0,,0,
20150921,2015,9,21,Monday,0,0,,0,
20150922,2015,9,22,Tuesday,0,0,,0,
20150923,2015,9,23,Wednesday,0,0,,0,
20150924,2015,9,24,Thursday,0,0,,0,
20150925,2015,9,25,Friday,0,0,,0,
20150926,2015,9,26,Saturday,1,0,,0,
20150927,2015,9,27,Sunday,1,0,,0,
20150928,2015,9,28,Monday,0,0,,0,
20150929,2015,9,29,Tuesday,0,0,,0,
20150930,2015,9,30,Wednesday,0,0,,0,
20151001,2015,10,1,Thursday,0,0,,0,
20151002,2015,10,2,Friday,0,0,,0,
20151003,2015,10,3,Saturday,1,0,,0,
20151004,2015,10,4,Sunday,1,0,,0,
20151005,2015,10,5,Monday,0,0,,0,
20151006,2015,10,6,Tuesday,0,0,,0,
20151007,2015,10,7,Wednesday,0,0,,0,
20151008,2015,10,8,Thursday,0,0,,0,
20151009,2015,10,9,Friday,0,0,,0,
20151010,2015,10,10,Saturday,1,0,,0,
20151011,2015,10,11,Sunday,1,0,,0,
20151012,2015,10,12,Monday,0,1,Thanksgiving Day,1,Columbus Day
20151013,2015,10,13,Tuesday,0,0,,0,
20151014,2015,10,14,Wednesday,0,0,,0,
20151015,2015,10,15,Thursday,0,0,,0,
20151016,2015,10,16,Friday,0,0,,0,
20151017,2015,10,17,Saturday,1,0,,0,
20151018,2015,10,18,Sunday,1,0,,0,
20151019,2015,10,19,Monday,0,0,,0,
20151020,2015,10,20,Tuesday,0,0,,0,
20151021,2015,10,21,Wednesday,0,0,,0,
20151022,2015,10,22,Thursday,0,0,,0,
20151023,2015,10,23,Friday,0,0,,0,
20151024,2015,10,24,Saturday,1,0,,0,
20151025,2015,10,25,Sunday,1,0,,0,
20151026,2015,10,26,Monday,0,0,,0,
20151027,2015,10,27,Tuesday,0,0,,0,
20151028,2015,10,28,Wednesday,0,0,,0,
20151029,2015,10,29,Thursday,0,0,,0,
20151030,2015,10,30,Friday,0,0,,0,
20151031,2015,10,31,Saturday,1,0,,0,
20151101,2015,11,1,Sunday,1,0,,0,
20151102,2015,11,2,Monday,0,0,,0,
20151103,2015,11,3,Tuesday,0,0,,0,
20151104,2015,11,4,Wednesday,0,0,,0,
20151105,2015,11,5,Thursday,0,0,,0,
20151106,2015,11,6,Friday,0,0,,0,
20151107,2015,11,7,Saturday,1,0,,0,
20151108,2015,11,8,Sunday,1,0,,0,
20151109,2015,11,9,Monday,0,0,,0,
20151110,2015,11,10,Tuesday,0,0,,0,
20151111,2015,11,11,Wednesday,0,1,Remembrance Day,1,Veterans Day
20151112,2015,11,12,Thursday,0,0,,0,
20151113,2015,11,13,Friday,0,0,,0,
20151114,2015,11,14,Saturday,1,0,,0,
20151115,2015,11,15,Sunday,1,0,,0,
20151116,2015,11,16,Monday,0,0,,0,
20151117,2015,11,17,Tuesday,0,0,,0,
20151118,2015,11,18,Wednesday,0,0,,0,
20151119,2015,11,19,Thursday,0,0,,0,
20151120,2015,11,20,Friday,0,0,,0,
20151121,2015,11,21,Saturday,1,0,,0,
20151122,2015,11,22,Sunday,1,0,,0,
20151123,2015,11,23,Monday,0,0,,0,
20151124,2015,11,24,Tuesday,0,0,,0,
20151125,2015,11,25,Wednesday,0,0,,0,
20151126,2015,11,26,Thursday,0,0,,1,Thanksgiving Day
20151127,2015,11,27,Friday,0,0,,0,
20151128,2015,11,28,Saturday,1,0,,0,
20151129,2015,11,29,Sunday,1,0,,0,
20151130,2015,11,30,Monday,0,0,,0,
20151201,2015,12,1,Tuesday,0,0,,0,
20151202,2015,12,2,Wednesday,0,0,,0,
20151203,2015,12,3,Thursday,0,0,,0,
20151204,2015,12,4,Friday,0,0,,0,
20151205,2015,12,5,Saturday,1,0,,0,
20151206,2015,12,6,Sunday,1,0,,0,
20151207,2015,12,7,Monday,0,0,,0,
20151208,2015,12,8,Tuesday,0,0,,0,
20151209,2015,12,9,Wednesday,0,0,,0,
20151210,2015,12,10,Thursday,0,0,,0,
20151211,2015,12,11,Friday,0,0,,0,
20151212,2015,12,12,Saturday,1,0,,0,
20151213,2015,12,13,Sunday,1,0,,0,
20151214,2015,12,14,Monday,0,0,,0,
20151215,2015,12,15,Tuesday,0,0,,0,
20151216,2015,12,16,Wednesday,0,0,,0,
20151217,2015,12,17,Thursday,0,0,,0,
20151218,2015,12,18,Friday,0,0,,0,
20151219,2015,12,19,Saturday,1,0,,0,
20151220,2015,12,20,Sunday,1,0,,0,
20151221,2015,12,21,Monday,0,0,,0,
20151222,2015,12,22,Tuesday,0,0,,0,
20151223,2015,12,23,Wednesday,0,0,,0,
20151224,2015,12,24,Thursday,0,0,,0,
20151225,2015,12,25,Friday,0,1,Christmas Day,1,Christmas Day
20151226,2015,12,26,Saturday,1,0,,0,
20151227,2015,12,27,Sunday,1,0,,0,
20151228,2015,12,28,Monday,0,0,,0,
20151229,2015,12,29,Tuesday,0,0,,0,
20151230,2015,12,30,Wednesday,0,0,,0,
20151231,2015,12,31,Thursday,0,0,,0,
20160101,2016,1,1,Friday,0,1,New Year's Day,1,New Year's Day
20160102,2016,1,2,Saturday,1,0,,0,
20160103,2016,1,3,Sunday,1,0,,0,
20160104,2016,1,4,Monday,0,0,,0,
20160105,2016,1,5,Tuesday,0,0,,0,
20160106,2016,1,6,Wednesday,0,0,,0,
20160107,2016,1,7,Thursday,0,0,,0,
20160108,2016,1,8,Friday,0,0,,0,
20160109,2016,1,9,Saturday,1,0,,0,
20160110,2016,1,10,Sunday,1,0,,0,
20160111,2016,1,11,Monday,0,0,,0,
20160112,2016,1,12,Tuesday,0,0,,0,
20160113,2016,1,13,Wednesday,0,0,,0,
20160114,2016,1,14,Thursday,0,0,,0,
20160115,2016,1,15,Friday,0,0,,0,
20160116,2016,1,16,Saturday,1,0,,0,
20160117,2016,1,17,Sunday,1,0,,0,
20160118,2016,1,18,Monday,0,0,,1,"Martin Luther King, Jr. Day"
20160119,2016,1,19,Tuesday,0,0,,0,
20160120,2016,1,20,Wednesday,0,0,,0,
20160121,2016,1,21,Thursday,0,0,,0,
20160122,2016,1,22,Friday,0,0,,0,
20160123,2016,1,23,Saturday,1,0,,0,
20160124,2016,1,24,Sunday,1,0,,0,
20160125,2016,1,25,Monday,0,0,,0,
20160126,2016,1,26,Tuesday,0,0,,0,
20160127,2016,1,27,Wednesday,0,0,,0,
20160128,2016,1,28,Thursday,0,0,,0,
20160129,2016,1,29,Friday,0,0,,0,
20160130,2016,1,30,Saturday,1,0,,0,
20160131,2016,1,31,Sunday,1,0,,0,
20160201,2016,2,1,Monday,0,0,,0,
20160202,2016,2,2,Tuesday,0,0,,0,
20160203,2016,2,3,Wednesday,0,0,,0,
20160204,2016,2,4,Thursday,0,0,,0,
20160205,2016,2,5,Friday,0,0,,0,
20160206,2016,2,6,Saturday,1,0,,0,
20160207,2016,2,7,Sunday,1,0,,0,
20160208,2016,2,8,Monday,0,1,Family Day,0,
20160209,2016,2,9,Tuesday,0,0,,0,
20160210,2016,2,10,Wednesday,0,0,,0,
20160211,2016,2,11,Thursday,0,0,,0,
20160212,2016,2,12,Friday,0,0,,0,
20160213,2016,2,13,Saturday,1,0,,0,
20160214,2016,2,14,Sunday,1,0,,0,
20160215,2016,2,15,Monday,0,0,,1,President's Day
20160216,2016,2,16,Tuesday,0,0,,0,
20160217,2016,2,17,Wednesday,0,0,,0,
20160218,2016,2,18,Thursday,0,0,,0,
20160219,2016,2,19,Friday,0,0,,0,
20160220,2016,2,20,Saturday,1,0,,0,
20160221,2016,2,21,Sunday,1,0,,0,
20160222,2016,2,22,Monday,0,0,,0,
20160223,2016,2,23,Tuesday,0,0,,0,
20160224,2016,2,24,Wednesday,0,0,,0,
20160225,2016,2,25,Thursday,0,0,,0,
20160226,2016,2,26,Friday,0,0,,0,
20160227,2016,2,27,Saturday,1,0,,0,
20160228,2016,2,28,Sunday,1,0,,0,
20160229,2016,2,29,Monday,0,0,,0,
20160301,2016,3,1,Tuesday,0,0,,0,
20160302,2016,3,2,Wednesday,0,0,,0,
20160303,2016,3,3,Thursday,0,0,,0,
20160304,2016,3,4,Friday,0,0,,0,
20160305,2016,3,5,Saturday,1,0,,0,
20160306,2016,3,6,Sunday,1,0,,0,
20160307,2016,3,7,Monday,0,0,,0,
20160308,2016,3,8,Tuesday,0,0,,0,
20160309,2016,3,9,Wednesday,0,0,,0,
20160310,2016,3,10,Thursday,0,0,,0,
20160311,2016,3,11,Friday,0,0,,0,
20160312,2016,3,12,Saturday,1,0,,0,
20160313,2016,3,13,Sunday,1,0,,0,
20160314,2016,3,14,Monday,0,0,,0,
20160315,2016,3,15,Tuesday,0,0,,0,
20160316,2016,3,16,Wednesday,0,0,,0,
20160317,2016,3,17,Thursday,0,0,,0,
20160318,2016,3,18,Friday,0,0,,0,
20160319,2016,3,19,Saturday,1,0,,0,
20160320,2016,3,20,Sunday,1,0,,0,
20160321,2016,3,21,Monday,0,0,,0,
20160322,2016,3,22,Tuesday,0,0,,0,
20160323,2016,3,23,Wednesday,0,0,,0,
20160324,2016,3,24,Thursday,0,0,,0,
20160325,2016,3,25,Friday,0,1,Good Friday,0,
20160326,2016,3,26,Saturday,1,0,,0,
20160327,2016,3,27,Sunday,1,0,,0,
20160328,2016,3,28,Monday,0,0,,0,
20160329,2016,3,29,Tuesday,0,0,,0,
20160330,2016,3,30,Wednesday,0,0,,0,
20160331,2016,3,31,Thursday,0,0,,0,
20160401,2016,4,1,Friday,0,0,,0,
20160402,2016,4,2,Saturday,1,0,,0,
20160403,2016,4,3,Sunday,1,0,,0,
20160404,2016,4,4,Monday,0,0,,0,
20160405,2016,4,5,Tuesday,0,0,,0,
20160406,2016,4,6,Wednesday,0,0,,0,
20160407,2016,4,7,Thursday,0,0,,0,
20160408,2016,4,8,Friday,0,0,,0,
20160409,2016,4,9,Saturday,1,0,,0,
20160410,2016,4,10,Sunday,1,0,,0,
20160411,2016,4,11,Monday,0,0,,0,
20160412,2016,4,12,Tuesday,0,0,,0,
20160413,2016,4,13,Wednesday,0,0,,0,
20160414,2016,4,14,Thursday,0,0,,0,
20160415,2016,4,15,Friday,0,0,,0,
20160416,2016,4,16,Saturday,1,0,,0,
20160417,2016,4,17,Sunday,1,0,,0,
20160418,2016,4,18,Monday,0,0,,0,
20160419,2016,4,19,Tuesday,0,0,,0,
20160420,2016,4,20,Wednesday,0,0,,0,
20160421,2016,4,21,Thursday,0,0,,0,
20160422,2016,4,22,Friday,0,0,,0,
20160423,2016,4,23,Saturday,1,0,,0,
20160424,2016,4,24,Sunday,1,0,,0,
20160425,2016,4,25,Monday,0,0,,0,
20160426,2016,4,26,Tuesday,0,0,,0,
20160427,2016,4,27,Wednesday,0,0,,0,
20160428,2016,4,28,Thursday,0,0,,0,
20160429,2016,4,29,Friday,0,0,,0,
20160430,2016,4,30,Saturday,1,0,,0,
20160501,2016,5,1,Sunday,1,0,,0,
20160502,2016,5,2,Monday,0,0,,0,
20160503,2016,5,3,Tuesday,0,0,,0,
20160504,2016,5,4,Wednesday,0,0,,0,
20160505,2016,5,5,Thursday,0,0,,0,
20160506,2016,5,6,Friday,0,0,,0,
20160507,2016,5,7,Saturday,1,0,,0,
20160508,2016,5,8,Sunday,1,0,,0,
20160509,2016,5,9,Monday,0,0,,0,
20160510,2016,5,10,Tuesday,0,0,,0,
20160511,2016,5,11,Wednesday,0,0,,0,
20160512,2016,5,12,Thursday,0,0,,0,
20160513,2016,5,13,Friday,0,0,,0,
20160514,2016,5,14,Saturday,1,0,,0,
20160515,2016,5,15,Sunday,1,0,,0,
20160516,2016,5,16,Monday,0,0,,0,
20160517,2016,5,17,Tuesday,0,0,,0,
20160518,2016,5,18,Wednesday,0,0,,0,
20160519,2016,5,19,Thursday,0,0,,0,
20160520,2016,5,20,Friday,0,0,,0,
20160521,2016,5,21,Saturday,1,0,,0,
20160522,2016,5,22,Sunday,1,0,,0,
20160523,2016,5,23,Monday,0,1,Victoria Day,0,
20160524,2016,5,24,Tuesday,0,0,,0,
20160525,2016,5,25,Wednesday,0,0,,0,
20160526,2016,5,26,Thursday,0,0,,0,
20160527,2016,5,27,Friday,0,0,,0,
20160528,2016,5,28,Saturday,1,0,,0,
20160529,2016,5,29,Sunday,1,0,,0,
20160530,2016,5,30,Monday,0,0,,1,Memorial Day
20160531,2016,5,31,Tuesday,0,0,,0,
20160601,2016,6,1,Wednesday,0,0,,0,
20160602,2016,6,2,Thursday,0,0,,0,
20160603,2016,6,3,Friday,0,0,,0,
20160604,2016,6,4,Saturday,1,0,,0,
20160605,2016,6,5,Sunday,1,0,,0,
20160606,2016,6,6,Monday,0,0,,0,
20160607,2016,6,7,Tuesday,0,0,,0,
20160608,2016,6,8,Wednesday,0,0,,0,
20160609,2016,6,9,Thursday,0,0,,0,
20160610,2016,6,10,Friday,0,0,,0,
20160611,2016,6,11,Saturday,1,0,,0,
20160612,2016,6,12,Sunday,1,0,,0,
20160613,2016,6,13,Monday,0,0,,0,
20160614,2016,6,14,Tuesday,0,0,,0,
20160615,2016,6,15,Wednesday,0,0,,0,
20160616,2016,6,16,Thursday,0,0,,0,
20160617,2016,6,17,Friday,0,0,,0,
20160618,2016,6,18,Saturday,1,0,,0,
20160619,2016,6,19,Sunday,1,0,,0,
20160620,2016,6,20,Monday,0,0,,0,
20160621,2016,6,21,Tuesday,0,0,,0,
20160622,2016,6,22,Wednesday,0,0,,0,
20160623,2016,6,23,Thursday,0,0,,0,
20160624,2016,6,24,Friday,0,0,,0,
20160625,2016,6,25,Saturday,1,0,,0,
20160626,2016,6,26,Sunday,1,0,,0,
20160627,2016,6,27,Monday,0,0,,0,
20160628,2016,6,28,Tuesday,0,0,,0,
20160629,2016,6,29,Wednesday,0,0,,0,
20160630,2016,6,30,Thursday,0,0,,0,
20160701,2016,7,1,Friday,0,1,Canada Day,0,
20160702,2016,7,2,Saturday,1,0,,0,
20160703,2016,7,3,Sunday,1,0,,0,
20160704,2016,7,4,Monday,0,0,,1,Independence Day
20160705,2016,7,5,Tuesday,0,0,,0,
20160706,2016,7,6,Wednesday,0,0,,0,
20160707,2016,7,7,Thursday,0,0,,0,
20160708,2016,7,8,Friday,0,0,,0,
20160709,2016,7,9,Saturday,1,0,,0,
20160710,2016,7,10,Sunday,1,0,,0,
20160711,2016,7,11,Monday,0,0,,0,
20160712,2016,7,12,Tuesday,0,0,,0,
20160713,2016,7,13,Wednesday,0,0,,0,
20160714,2016,7,14,Thursday,0,0,,0,
20160715,2016,7,15,Friday,0,0,,0,
20160716,2016,7,16,Saturday,1,0,,0,
20160717,2016,7,17,Sunday,1,0,,0,
20160718,2016,7,18,Monday,0,0,,0,
20160719,2016,7,19,Tuesday,0,0,,0,
20160720,2016,7,20,Wednesday,0,0,,0,
20160721,2016,7,21,Thursday,0,0,,0,
20160722,2016,7,22,Friday,0,0,,0,
20160723,2016,7,23,Saturday,1,0,,0,
20160724,2016,7,24,Sunday,1,0,,0,
20160725,2016,7,25,Monday,0,0,,0,
20160726,2016,7,26,Tuesday,0,0,,0,
20160727,2016,7,27,Wednesday,0,0,,0,
20160728,2016,7,28,Thursday,0,0,,0,
20160729,2016,7,29,Friday,0,0,,0,
20160730,2016,7,30,Saturday,1,0,,0,
20160731,2016,7,31,Sunday,1,0,,0,
20160801,2016,8,1,Monday,0,1,B.C. Day,0,
20160802,2016,8,2,Tuesday,0,0,,0,
20160803,2016,8,3,Wednesday,0,0,,0,
20160804,2016,8,4,Thursday,0,0,,0,
20160805,2016,8,5,Friday,0,0,,0,
20160806,2016,8,6,Saturday,1,0,,0,
20160807,2016,8,7,Sunday,1,0,,0,
20160808,2016,8,8,Monday,0,0,,0,
20160809,2016,8,9,Tuesday,0,0,,0,
20160810,2016,8,10,Wednesday,0,0,,0,
20160811,2016,8,11,Thursday,0,0,,0,
20160812,2016,8,12,Friday,0,0,,0,
20160813,2016,8,13,Saturday,1,0,,0,
20160814,2016,8,14,Sunday,1,0,,0,
20160815,2016,8,15,Monday,0,0,,0,
20160816,2016,8,16,Tuesday,0,0,,0,
20160817,2016,8,17,Wednesday,0,0,,0,
20160818,2016,8,18,Thursday,0,0,,0,
20160819,2016,8,19,Friday,0,0,,0,
20160820,2016,8,20,Saturday,1,0,,0,
20160821,2016,8,21,Sunday,1,0,,0,
20160822,2016,8,22,Monday,0,0,,0,
20160823,2016,8,23,Tuesday,0,0,,0,
20160824,2016,8,24,Wednesday,0,0,,0,
20160825,2016,8,25,Thursday,0,0,,0,
20160826,2016,8,26,Friday,0,0,,0,
20160827,2016,8,27,Saturday,1,0,,0,
20160828,2016,8,28,Sunday,1,0,,0,
20160829,2016,8,29,Monday,0,0,,0,
20160830,2016,8,30,Tuesday,0,0,,0,
20160831,2016,8,31,Wednesday,0,0,,0,
20160901,2016,9,1,Thursday,0,0,,0,
20160902,2016,9,2,Friday,0,0,,0,
20160903,2016,9,3,Saturday,1,0,,0,
20160904,2016,9,4,Sunday,1,0,,0,
20160905,2016,9,5,Monday,0,1,Labour Day,1,Labor Day
20160906,2016,9,6,Tuesday,0,0,,0,
20160907,2016,9,7,Wednesday,0,0,,0,
20160908,2016,9,8,Thursday,0,0,,0,
20160909,2016,9,9,Friday,0,0,,0,
20160910,2016,9,10,Saturday,1,0,,0,
20160911,2016,9,11,Sunday,1,0,,0,
20160912,2016,9,12,Monday,0,0,,0,
20160913,2016,9,13,Tuesday,0,0,,0,
20160914,2016,9,14,Wednesday,0,0,,0,
20160915,2016,9,15,Thursday,0,0,,0,
20160916,2016,9,16,Friday,0,0,,0,
20160917,2016,9,17,Saturday,1,0,,0,
20160918,2016,9,18,Sunday,1,0,,0,
20160919,2016,9,19,Monday,0,0,,0,
20160920,2016,9,20,Tuesday,0,0,,0,
20160921,2016,9,21,Wednesday,0,0,,0,
20160922,2016,9,22,Thursday,0,0,,0,
20160923,2016,9,23,Friday,0,0,,0,
20160924,2016,9,24,Saturday,1,0,,0,
20160925,2016,9,25,Sunday,1,0,,0,
20160926,2016,9,26,Monday,0,0,,0,
20160927,2016,9,27,Tuesday,0,0,,0,
20160928,2016,9,28,Wednesday,0,0,,0,
20160929,2016,9,29,Thursday,0,0,,0,
20160930,2016,9,30,Friday,0,0,,0,
20161001,2016,10,1,Saturday,1,0,,0,
20161002,2016,10,2,Sunday,1,0,,0,
20161003,2016,10,3,Monday,0,0,,0,
20161004,2016,10,4,Tuesday,0,0,,0,
20161005,2016,10,5,Wednesday,0,0,,0,
20161006,2016,10,6,Thursday,0,0,,0,
20161007,2016,10,7,Friday,0,0,,0,
20161008,2016,10,8,Saturday,1,0,,0,
20161009,2016,10,9,Sunday,1,0,,0,
20161010,2016,10,10,Monday,0,1,Thanksgiving Day,1,Columbus Day
20161011,2016,10,11,Tuesday,0,0,,0,
20161012,2016,10,12,Wednesday,0,0,,0,
20161013,2016,10,13,Thursday,0,0,,0,
20161014,2016,10,14,Friday,0,0,,0,
20161015,2016,10,15,Saturday,1,0,,0,
20161016,2016,10,16,Sunday,1,0,,0,
20161017,2016,10,17,Monday,0,0,,0,
20161018,2016,10,18,Tuesday,0,0,,0,
20161019,2016,10,19,Wednesday,0,0,,0,
20161020,2016,10,20,Thursday,0,0,,0,
20161021,2016,10,21,Friday,0,0,,0,
20161022,2016,10,22,Saturday,1,0,,0,
20161023,2016,10,23,Sunday,1,0,,0,
20161024,2016,10,24,Monday,0,0,,0,
20161025,2016,10,25,Tuesday,0,0,,0,
20161026,2016,10,26,Wednesday,0,0,,0,
20161027,2016,10,27,Thursday,0,0,,0,
20161028,2016,10,28,Friday,0,0,,0,
20161029,2016,10,29,Saturday,1,0,,0,
20161030,2016,10,30,Sunday,1,0,,0,
20161031,2016,10,31,Monday,0,0,,0,
20161101,2016,11,1,Tuesday,0,0,,0,
20161102,2016,11,2,Wednesday,0,0,,0,
20161103,2016,11,3,Thursday,0,0,,0,
20161104,2016,11,4,Friday,0,0,,0,
20161105,2016,11,5,Saturday,1,0,,0,
20161106,2016,11,6,Sunday,1,0,,0,
20161107,2016,11,7,Monday,0,0,,0,
20161108,2016,11,8,Tuesday,0,0,,0,
20161109,2016,11,9,Wednesday,0,0,,0,
20161110,2016,11,10,Thursday,0,0,,0,
20161111,2016,11,11,Friday,0,1,Remembrance Day,1,Veterans Day
20161112,2016,11,12,Saturday,1,0,,0,
20161113,2016,11,13,Sunday,1,0,,0,
20161114,2016,11,14,Monday,0,0,,0,
20161115,2016,11,15,Tuesday,0,0,,0,
20161116,2016,11,16,Wednesday,0,0,,0,
20161117,2016,11,17,Thursday,0,0,,0,
20161118,2016,11,18,Friday,0,0,,0,
20161119,2016,11,19,Saturday,1,0,,0,
20161120,2016,11,20,Sunday,1,0,,0,
20161121,2016,11,21,Monday,0,0,,0,
20161122,2016,11,22,Tuesday,0,0,,0,
20161123,2016,11,23,Wednesday,0,0,,0,
20161124,2016,11,24,Thursday,0,0,,1,Thanksgiving Day
20161125,2016,11,25,Friday,0,0,,0,
20161126,2016,11,26,Saturday,1,0,,0,
20161127,2016,11,27,Sunday,1,0,,0,
20161128,2016,11,28,Monday,0,0,,0,
20161129,2016,11,29,Tuesday,0,0,,0,
20161130,2016,11,30,Wednesday,0,0,,0,
20161201,2016,12,1,Thursday,0,0,,0,
20161202,2016,12,2,Friday,0,0,,0,
20161203,2016,12,3,Saturday,1,0,,0,
20161204,2016,12,4,Sunday,1,0,,0,
20161205,2016,12,5,Monday,0,0,,0,
20161206,2016,12,6,Tuesday,0,0,,0,
20161207,2016,12,7,Wednesday,0,0,,0,
20161208,2016,12,8,Thursday,0,0,,0,
20161209,2016,12,9,Friday,0,0,,0,
20161210,2016,12,10,Saturday,1,0,,0,
20161211,2016,12,11,Sunday,1,0,,0,
20161212,2016,12,12,Monday,0,0,,0,
20161213,2016,12,13,Tuesday,0,0,,0,
20161214,2016,12,14,Wednesday,0,0,,0,
20161215,2016,12,15,Thursday,0,0,,0,
20161216,2016,12,16,Friday,0,0,,0,
20161217,2016,12,17,Saturday,1,0,,0,
20161218,2016,12,18,Sunday,1,0,,0,
20161219,2016,12,19,Monday,0,0,,0,
20161220,2016,12,20,Tuesday,0,0,,0,
20161221,2016,12,21,Wednesday,0,0,,0,
20161222,2016,12,22,Thursday,0,0,,0,
20161223,2016,12,23,Friday,0,0,,0,
20161224,2016,12,24,Saturday,1,0,,0,
20161225,2016,12,25,Sunday,1,1,Christmas Day,0,
20161226,2016,12,26,Monday,0,0,,1,Christmas Day
20161227,2016,12,27,Tuesday,0,0,,0,
20161228,2016,12,28,Wednesday,0,0,,0,
20161229,2016,12,29,Thursday,0,0,,0,
20161230,2016,12,30,Friday,0,0,,0,
20161231,2016,12,31,Saturday,1,0,,0,
20170101,2017,1,1,Sunday,1,1,New Year's Day,0,
20170102,2017,1,2,Monday,0,0,,1,New Year's Day
20170103,2017,1,3,Tuesday,0,0,,0,
20170104,2017,1,4,Wednesday,0,0,,0,
20170105,2017,1,5,Thursday,0,0,,0,
20170106,2017,1,6,Friday,0,0,,0,
20170107,2017,1,7,Saturday,1,0,,0,
20170108,2017,1,8,Sunday,1,0,,0,
20170109,2017,1,9,Monday,0,0,,0,
20170110,2017,1,10,Tuesday,0,0,,0,
20170111,2017,1,11,Wednesday,0,0,,0,
20170112,2017,1,12,Thursday,0,0,,0,
20170113,2017,1,13,Friday,0,0,,0,
20170114,2017,1,14,Saturday,1,0,,0,
20170115,2017,1,15,Sunday,1,0,,0,
20170116,2017,1,16,Monday,0,0,,1,"Martin Luther King, Jr. Day"
20170117,2017,1,17,Tuesday,0,0,,0,
20170118,2017,1,18,Wednesday,0,0,,0,
20170119,2017,1,19,Thursday,0,0,,0,
20170120,2017,1,20,Friday,0,0,,0,
20170121,2017,1,21,Saturday,1,0,,0,
20170122,2017,1,22,Sunday,1,0,,0,
20170123,2017,1,23,Monday,0,0,,0,
20170124,2017,1,24,Tuesday,0,0,,0,
20170125,2017,1,25,Wednesday,0,0,,0,
20170126,2017,1,26,Thursday,0,0,,0,
20170127,2017,1,27,Friday,0,0,,0,
20170128,2017,1,28,Saturday,1,0,,0,
20170129,2017,1,29,Sunday,1,0,,0,
20170130,2017,1,30,Monday,0,0,,0,
20170131,2017,1,31,Tuesday,0,0,,0,
20170201,2017,2,1,Wednesday,0,0,,0,
20170202,2017,2,2,Thursday,0,0,,0,
20170203,2017,2,3,Friday,0,0,,0,
20170204,2017,2,4,Saturday,1,0,,0,
20170205,2017,2,5,Sunday,1,0,,0,
20170206,2017,2,6,Monday,0,0,,0,
20170207,2017,2,7,Tuesday,0,0,,0,
20170208,2017,2,8,Wednesday,0,0,,0,
20170209,2017,2,9,Thursday,0,0,,0,
20170210,2017,2,10,Friday,0,0,,0,
20170211,2017,2,11,Saturday,1,0,,0,
20170212,2017,2,12,Sunday,1,0,,0,
20170213,2017,2,13,Monday,0,1,Family Day,0,
20170214,2017,2,14,Tuesday,0,0,,0,
20170215,2017,2,15,Wednesday,0,0,,0,
20170216,2017,2,16,Thursday,0,0,,0,
20170217,2017,2,17,Friday,0,0,,0,
20170218,2017,2,18,Saturday,1,0,,0,
20170219,2017,2,19,Sunday,1,0,,0,
20170220,2017,2,20,Monday,0,0,,1,President's Day
20170221,2017,2,21,Tuesday,0,0,,0,
20170222,2017,2,22,Wednesday,0,0,,0,
20170223,2017,2,23,Thursday,0,0,,0,
20170224,2017,2,24,Friday,0,0,,0,
20170225,2017,2,25,Saturday,1,0,,0,
20170226,2017,2,26,Sunday,1,0,,0,
20170227,2017,2,27,Monday,0,0,,0,
20170228,2017,2,28,Tuesday,0,0,,0,
20170301,2017,3,1,Wednesday,0,0,,0,
20170302,2017,3,2,Thursday,0,0,,0,
20170303,2017,3,3,Friday,0,0,,0,
20170304,2017,3,4,Saturday,1,0,,0,
20170305,2017,3,5,Sunday,1,0,,0,
20170306,2017,3,6,Monday,0,0,,0,
20170307,2017,3,7,Tuesday,0,0,,0,
20170308,2017,3,8,Wednesday,0,0,,0,
20170309,2017,3,9,Thursday,0,0,,0,
20170310,2017,3,10,Friday,0,0,,0,
20170311,2017,3,11,Saturday,1,0,,0,
20170312,2017,3,12,Sunday,1,0,,0,
20170313,2017,3,13,Monday,0,0,,0,
20170314,2017,3,14,Tuesday,0,0,,0,
20170315,2017,3,15,Wednesday,0,0,,0,
20170316,2017,3,16,Thursday,0,0,,0,
20170317,2017,3,17,Friday,0,0,,0,
20170318,2017,3,18,Saturday,1,0,,0,
20170319,2017,3,19,Sunday,1,0,,0,
20170320,2017,3,20,Monday,0,0,,0,
20170321,2017,3,21,Tuesday,0,0,,0,
20170322,2017,3,22,Wednesday,0,0,,0,
20170323,2017,3,23,Thursday,0,0,,0,
20170324,2017,3,24,Friday,0,0,,0,
20170325,2017,3,25,Saturday,1,0,,0,
20170326,2017,3,26,Sunday,1,0,,0,
20170327,2017,3,27,Monday,0,0,,0,
20170328,2017,3,28,Tuesday,0,0,,0,
20170329,2017,3,29,Wednesday,0,0,,0,
20170330,2017,3,30,Thursday,0,0,,0,
20170331,2017,3,31,Friday,0,0,,0,
20170401,2017,4,1,Saturday,1,0,,0,
20170402,2017,4,2,Sunday,1,0,,0,
20170403,2017,4,3,Monday,0,0,,0,
20170404,2017,4,4,Tuesday,0,0,,0,
20170405,2017,4,5,Wednesday,0,0,,0,
20170406,2017,4,6,Thursday,0,0,,0,
20170407,2017,4,7,Friday,0,0,,0,
20170408,2017,4,8,Saturday,1,0,,0,
20170409,2017,4,9,Sunday,1,0,,0,
20170410,2017,4,10,Monday,0,0,,0,
20170411,2017,4,11,Tuesday,0,0,,0,
20170412,2017,4,12,Wednesday,0,0,,0,
20170413,2017,4,13,Thursday,0,0,,0,
20170414,2017,4,14,Friday,0,1,Good Friday,0,
20170415,2017,4,15,Saturday,1,0,,0,
20170416,2017,4,16,Sunday,1,0,,0,
20170417,2017,4,17,Monday,0,0,,0,
20170418,2017,4,18,Tuesday,0,0,,0,
20170419,2017,4,19,Wednesday,0,0,,0,
20170420,2017,4,20,Thursday,0,0,,0,
20170421,2017,4,21,Friday,0,0,,0,
20170422,2017,4,22,Saturday,1,0,,0,
20170423,2017,4,23,Sunday,1,0,,0,
20170424,2017,4,24,Monday,0,0,,0,
20170425,2017,4,25,Tuesday,0,0,,0,
20170426,2017,4,26,Wednesday,0,0,,0,
20170427,2017,4,27,Thursday,0,0,,0,
20170428,2017,4,28,Friday,0,0,,0,
20170429,2017,4,29,Saturday,1,0,,0,
20170430,2017,4,30,Sunday,1,0,,0,
20170501,2017,5,1,Monday,0,0,,0,
20170502,2017,5,2,Tuesday,0,0,,0,
20170503,2017,5,3,Wednesday,0,0,,0,
20170504,2017,5,4,Thursday,0,0,,0,
20170505,2017,5,5,Friday,0,0,,0,
20170506,2017,5,6,Saturday,1,0,,0,
20170507,2017,5,7,Sunday,1,0,,0,
20170508,2017,5,8,Monday,0,0,,0,
20170509,2017,5,9,Tuesday,0,0,,0,
20170510,2017,5,10,Wednesday,0,0,,0,
20170511,2017,5,11,Thursday,0,0,,0,
20170512,2017,5,12,Friday,0,0,,0,
20170513,2017,5,13,Saturday,1,0,,0,
20170514,2017,5,14,Sunday,1,0,,0,
20170515,2017,5,15,Monday,0,0,,0,
20170516,2017,5,16,Tuesday,0,0,,0,
20170517,2017,5,17,Wednesday,0,0,,0,
20170518,2017,5,18,Thursday,0,0,,0,
20170519,2017,5,19,Friday,0,0,,0,
20170520,2017,5,20,Saturday,1,0,,0,
20170521,2017,5,21,Sunday,1,0,,0,
20170522,2017,5,22,Monday,0,1,Victoria Day,0,
20170523,2017,5,23,Tuesday,0,0,,0,
20170524,2017,5,24,Wednesday,0,0,,0,
20170525,2017,5,25,Thursday,0,0,,0,
20170526,2017,5,26,Friday,0,0,,0,
20170527,2017,5,27,Saturday,1,0,,0,
20170528,2017,5,28,Sunday,1,0,,0,
20170529,2017,5,29,Monday,0,0,,1,Memorial Day
20170530,2017,5,30,Tuesday,0,0,,0,
20170531,2017,5,31,Wednesday,0,0,,0,
20170601,2017,6,1,Thursday,0,0,,0,
20170602,2017,6,2,Friday,0,0,,0,
20170603,2017,6,3,Saturday,1,0,,0,
20170604,2017,6,4,Sunday,1,0,,0,
20170605,2017,6,5,Monday,0,0,,0,
20170606,2017,6,6,Tuesday,0,0,,0,
20170607,2017,6,7,Wednesday,0,0,,0,
20170608,2017,6,8,Thursday,0,0,,0,
20170609,2017,6,9,Friday,0,0,,0,
20170610,2017,6,10,Saturday,1,0,,0,
20170611,2017,6,11,Sunday,1,0,,0,
20170612,2017,6,12,Monday,0,0,,0,
20170613,2017,6,13,Tuesday,0,0,,0,
20170614,2017,6,14,Wednesday,0,0,,0,
20170615,2017,6,15,Thursday,0,0,,0,
20170616,2017,6,16,Friday,0,0,,0,
20170617,2017,6,17,Saturday,1,0,,0,
20170618,2017,6,18,Sunday,1,0,,0,
20170619,2017,6,19,Monday,0,0,,0,
20170620,2017,6,20,Tuesday,0,0,,0,
20170621,2017,6,21,Wednesday,0,0,,0,
20170622,2017,6,22,Thursday,0,0,,0,
20170623,2017,6,23,Friday,0,0,,0,
20170624,2017,6,24,Saturday,1,0,,0,
20170625,2017,6,25,Sunday,1,0,,0,
20170626,2017,6,26,Monday,0,0,,0,
20170627,2017,6,27,Tuesday,0,0,,0,
20170628,2017,6,28,Wednesday,0,0,,0,
20170629,2017,6,29,Thursday,0,0,,0,
20170630,2017,6,30,Friday,0,0,,0,
20170701,2017,7,1,Saturday,1,1,Canada Day,0,
20170702,2017,7,2,Sunday,1,0,,0,
20170703,2017,7,3,Monday,0,0,,0,
20170704,2017,7,4,Tuesday,0,0,,1,Independence Day
20170705,2017,7,5,Wednesday,0,0,,0,
20170706,2017,7,6,Thursday,0,0,,0,
20170707,2017,7,7,Friday,0,0,,0,
20170708,2017,7,8,Saturday,1,0,,0,
20170709,2017,7,9,Sunday,1,0,,0,
20170710,2017,7,10,Monday,0,0,,0,
20170711,2017,7,11,Tuesday,0,0,,0,
20170712,2017,7,12,Wednesday,0,0,,0,
20170713,2017,7,13,Thursday,0,0,,0,
20170714,2017,7,14,Friday,0,0,,0,
20170715,2017,7,15,Saturday,1,0,,0,
20170716,2017,7,16,Sunday,1,0,,0,
20170717,2017,7,17,Monday,0,0,,0,
20170718,2017,7,18,Tuesday,0,0,,0,
20170719,2017,7,19,Wednesday,0,0,,0,
20170720,2017,7,20,Thursday,0,0,,0,
20170721,2017,7,21,Friday,0,0,,0,
20170722,2017,7,22,Saturday,1,0,,0,
20170723,2017,7,23,Sunday,1,0,,0,
20170724,2017,7,24,Monday,0,0,,0,
20170725,2017,7,25,Tuesday,0,0,,0,
20170726,2017,7,26,Wednesday,0,0,,0,
20170727,2017,7,27,Thursday,0,0,,0,
20170728,2017,7,28,Friday,0,0,,0,
20170729,2017,7,29,Saturday,1,0,,0,
20170730,2017,7,30,Sunday,1,0,,0,
20170731,2017,7,31,Monday,0,0,,0,
20170801,2017,8,1,Tuesday,0,0,,0,
20170802,2017,8,2,Wednesday,0,0,,0,
20170803,2017,8,3,Thursday,0,0,,0,
20170804,2017,8,4,Friday,0,0,,0,
20170805,2017,8,5,Saturday,1,0,,0,
20170806,2017,8,6,Sunday,1,0,,0,
20170807,2017,8,7,Monday,0,1,B.C. Day,0,
20170808,2017,8,8,Tuesday,0,0,,0,
20170809,2017,8,9,Wednesday,0,0,,0,
20170810,2017,8,10,Thursday,0,0,,0,
20170811,2017,8,11,Friday,0,0,,0,
20170812,2017,8,12,Saturday,1,0,,0,
20170813,2017,8,13,Sunday,1,0,,0,
20170814,2017,8,14,Monday,0,0,,0,
20170815,2017,8,15,Tuesday,0,0,,0,
20170816,2017,8,16,Wednesday,0,0,,0,
20170817,2017,8,17,Thursday,0,0,,0,
20170818,2017,8,18,Friday,0,0,,0,
20170819,2017,8,19,Saturday,1,0,,0,
20170820,2017,8,20,Sunday,1,0,,0,
20170821,2017,8,21,Monday,0,0,,0,
20170822,2017,8,22,Tuesday,0,0,,0,
20170823,2017,8,23,Wednesday,0,0,,0,
20170824,2017,8,24,Thursday,0,0,,0,
20170825,2017,8,25,Friday,0,0,,0,
20170826,2017,8,26,Saturday,1,0,,0,
20170827,2017,8,27,Sunday,1,0,,0,
20170828,2017,8,28,Monday,0,0,,0,
20170829,2017,8,29,Tuesday,0,0,,0,
20170830,2017,8,30,Wednesday,0,0,,0,
20170831,2017,8,31,Thursday,0,0,,0,
20170901,2017,9,1,Friday,0,0,,0,
20170902,2017,9,2,Saturday,1,0,,0,
20170903,2017,9,3,Sunday,1,0,,0,
20170904,2017,9,4,Monday,0,1,Labour Day,1,Labor Day
20170905,2017,9,5,Tuesday,0,0,,0,
20170906,2017,9,6,Wednesday,0,0,,0,
20170907,2017,9,7,Thursday,0,0,,0,
20170908,2017,9,8,Friday,0,0,,0,
20170909,2017,9,9,Saturday,1,0,,0,
20170910,2017,9,10,Sunday,1,0,,0,
20170911,2017,9,11,Monday,0,0,,0,
20170912,2017,9,12,Tuesday,0,0,,0,
20170913,2017,9,13,Wednesday,0,0,,0,
20170914,2017,9,14,Thursday,0,0,,0,
20170915,2017,9,15,Friday,0,0,,0,
20170916,2017,9,16,Saturday,1,0,,0,
20170917,2017,9,17,Sunday,1,0,,0,
20170918,2017,9,18,Monday,0,0,,0,
20170919,2017,9,19,Tuesday,0,0,,0,
20170920,2017,9,20,Wednesday,0,0,,0,
20170921,2017,9,21,Thursday,0,0,,0,
20170922,2017,9,22,Friday,0,0,,0,
20170923,2017,9,23,Saturday,1,0,,0,
20170924,2017,9,24,Sunday,1,0,,0,
20170925,2017,9,25,Monday,0,0,,0,
20170926,2017,9,26,Tuesday,0,0,,0,
20170927,2017,9,27,Wednesday,0,0,,0,
20170928,2017,9,28,Thursday,0,0,,0,
20170929,2017,9,29,Friday,0,0,,0,
20170930,2017,9,30,Saturday,1,0,,0,
20171001,2017,10,1,Sunday,1,0,,0,
20171002,2017,10,2,Monday,0,0,,0,
20171003,2017,10,3,Tuesday,0,0,,0,
20171004,2017,10,4,Wednesday,0,0,,0,
20171005,2017,10,5,Thursday,0,0,,0,
20171006,2017,10,6,Friday,0,0,,0,
20171007,2017,10,7,Saturday,1,0,,0,
20171008,2017,10,8,Sunday,1,0,,0,
20171009,2017,10,9,Monday,0,1,Thanksgiving Day,1,Columbus Day
20171010,2017,10,10,Tuesday,0,0,,0,
20171011,2017,10,11,Wednesday,0,0,,0,
20171012,2017,10,12,Thursday,0,0,,0,
20171013,2017,10,13,Friday,0,0,,0,
20171014,2017,10,14,Saturday,1,0,,0,
20171015,2017,10,15,Sunday,1,0,,0,
20171016,2017,10,16,Monday,0,0,,0,
20171017,2017,10,17,Tuesday,0,0,,0,
20171018,2017,10,18,Wednesday,0,0,,0,
20171019,2017,10,19,Thursday,0,0,,0,
20171020,2017,10,20,Friday,0,0,,0,
20171021,2017,10,21,Saturday,1,0,,0,
20171022,2017,10,22,Sunday,1,0,,0,
20171023,2017,10,23,Monday,0,0,,0,
20171024,2017,10,24,Tuesday,0,0,,0,
20171025,2017,10,25,Wednesday,0,0,,0,
20171026,2017,10,26,Thursday,0,0,,0,
20171027,2017,10,27,Friday,0,0,,0,
20171028,2017,10,28,Saturday,1,0,,0,
20171029,2017,10,29,Sunday,1,0,,0,
20171030,2017,10,30,Monday,0,0,,0,
20171031,2017,10,31,Tuesday,0,0,,0,
20171101,2017,11,1,Wednesday,0,0,,0,
20171102,2017,11,2,Thursday,0,0,,0,
20171103,2017,11,3,Friday,0,0,,0,
20171104,2017,11,4,Saturday,1,0,,0,
20171105,2017,11,5,Sunday,1,0,,0,
20171106,2017,11,6,Monday,0,0,,0,
20171107,2017,11,7,Tuesday,0,0,,0,
20171108,2017,11,8,Wednesday,0,0,,0,
20171109,2017,11,9,Thursday,0,0,,0,
20171110,2017,11,10,Friday,0,0,,1,Veterans Day
20171111,2017,11,11,Saturday,1,1,Remembrance Day,0,
20171112,2017,11,12,Sunday,1,0,,0,
20171113,2017,11,13,Monday,0,0,,0,
20171114,2017,11,14,Tuesday,0,0,,0,
20171115,2017,11,15,Wednesday,0,0,,0,
20171116,2017,11,16,Thursday,0,0,,0,
20171117,2017,11,17,Friday,0,0,,0,
20171118,2017,11,18,Saturday,1,0,,0,
20171119,2017,11,19,Sunday,1,0,,0,
20171120,2017,11,20,Monday,0,0,,0,
20171121,2017,11,21,Tuesday,0,0,,0,
20171122,2017,11,22,Wednesday,0,0,,0,
20171123,2017,11,23,Thursday,0,0,,1,Thanksgiving Day
20171124,2017,11,24,Friday,0,0,,0,
20171125,2017,11,25,Saturday,1,0,,0,
20171126,2017,11,26,Sunday,1,0,,0,
20171127,2017,11,27,Monday,0,0,,0,
20171128,2017,11,28,Tuesday,0,0,,0,
20171129,2017,11,29,Wednesday,0,0,,0,
20171130,2017,11,30,Thursday,0,0,,0,
20171201,2017,12,1,Friday,0,0,,0,
20171202,2017,12,2,Saturday,1,0,,0,
20171203,2017,12,3,Sunday,1,0,,0,
20171204,2017,12,4,Monday,0,0,,0,
20171205,2017,12,5,Tuesday,0,0,,0,
20171206,2017,12,6,Wednesday,0,0,,0,
20171207,2017,12,7,Thursday,0,0,,0,
20171208,2017,12,8,Friday,0,0,,0,
20171209,2017,12,9,Saturday,1,0,,0,
20171210,2017,12,10,Sunday,1,0,,0,
20171211,2017,12,11,Monday,0,0,,0,
20171212,2017,12,12,Tuesday,0,0,,0,
20171213,2017,12,13,Wednesday,0,0,,0,
20171214,2017,12,14,Thursday,0,0,,0,
20171215,2017,12,15,Friday,0,0,,0,
20171216,2017,12,16,Saturday,1,0,,0,
20171217,2017,12,17,Sunday,1,0,,0,
20171218,2017,12,18,Monday,0,0,,0,
20171219,2017,12,19,Tuesday,0,0,,0,
20171220,2017,12,20,Wednesday,0,0,,0,
20171221,2017,12,21,Thursday,0,0,,0,
20171222,2017,12,22,Friday,0,0,,0,
20171223,2017,12,23,Saturday,1,0,,0,
20171224,2017,12,24,Sunday,1,0,,0,
20171225,2017,12,25,Monday,0,1,Christmas Day,1,Christmas Day
20171226,2017,12,26,Tuesday,0,0,,0,
20171227,2017,12,27,Wednesday,0,0,,0,
20171228,2017,12,28,Thursday,0,0,,0,
20171229,2017,12,29,Friday,0,0,,0,
20171230,2017,12,30,Saturday,1,0,,0,
20171231,2017,12,31,Sunday,1,0,,0,
20180101,2018,1,1,Monday,0,1,New Year's Day,1,New Year's Day
20180102,2018,1,2,Tuesday,0,0,,0,
20180103,2018,1,3,Wednesday,0,0,,0,
20180104,2018,1,4,Thursday,0,0,,0,
20180105,2018,1,5,Friday,0,0,,0,
20180106,2018,1,6,Saturday,1,0,,0,
20180107,2018,1,7,Sunday,1,0,,0,
20180108,2018,1,8,Monday,0,0,,0,
20180109,2018,1,9,Tuesday,0,0,,0,
20180110,2018,1,10,Wednesday,0,0,,0,
20180111,2018,1,11,Thursday,0,0,,0,
20180112,2018,1,12,Friday,0,0,,0,
20180113,2018,1,13,Saturday,1,0,,0,
20180114,2018,1,14,Sunday,1,0,,0,
20180115,2018,1,15,Monday,0,0,,1,"Martin Luther King, Jr. Day"
20180116,2018,1,16,Tuesday,0,0,,0,
20180117,2018,1,17,Wednesday,0,0,,0,
20180118,2018,1,18,Thursday,0,0,,0,
20180119,2018,1,19,Friday,0,0,,0,
20180120,2018,1,20,Saturday,1,0,,0,
20180121,2018,1,21,Sunday,1,0,,0,
20180122,2018,1,22,Monday,0,0,,0,
20180123,2018,1,23,Tuesday,0,0,,0,
20180124,2018,1,24,Wednesday,0,0,,0,
20180125,2018,1,25,Thursday,0,0,,0,
20180126,2018,1,26,Friday,0,0,,0,
20180127,2018,1,27,Saturday,1,0,,0,
20180128,2018,1,28,Sunday,1,0,,0,
20180129,2018,1,29,Monday,0,0,,0,
20180130,2018,1,30,Tuesday,0,0,,0,
20180131,2018,1,31,Wednesday,0,0,,0,
20180201,2018,2,1,Thursday,0,0,,0,
20180202,2018,2,2,Friday,0,0,,0,
20180203,2018,2,3,Saturday,1,0,,0,
20180204,2018,2,4,Sunday,1,0,,0,
20180205,2018,2,5,Monday,0,0,,0,
20180206,2018,2,6,Tuesday,0,0,,0,
20180207,2018,2,7,Wednesday,0,0,,0,
20180208,2018,2,8,Thursday,0,0,,0,
20180209,2018,2,9,Friday,0,0,,0,
20180210,2018,2,10,Saturday,1,0,,0,
20180211,2018,2,11,Sunday,1,0,,0,
20180212,2018,2,12,Monday,0,1,Family Day,0,
20180213,2018,2,13,Tuesday,0,0,,0,
20180214,2018,2,14,Wednesday,0,0,,0,
20180215,2018,2,15,Thursday,0,0,,0,
20180216,2018,2,16,Friday,0,0,,0,
20180217,2018,2,17,Saturday,1,0,,0,
20180218,2018,2,18,Sunday,1,0,,0,
20180219,2018,2,19,Monday,0,0,,1,President's Day
20180220,2018,2,20,Tuesday,0,0,,0,
20180221,2018,2,21,Wednesday,0,0,,0,
20180222,2018,2,22,Thursday,0,0,,0,
20180223,2018,2,23,Friday,0,0,,0,
20180224,2018,2,24,Saturday,1,0,,0,
20180225,2018,2,25,Sunday,1,0,,0,
20180226,2018,2,26,Monday,0,0,,0,
20180227,2018,2,27,Tuesday,0,0,,0,
20180228,2018,2,28,Wednesday,0,0,,0,
20180301,2018,3,1,Thursday,0,0,,0,
20180302,2018,3,2,Friday,0,0,,0,
20180303,2018,3,3,Saturday,1,0,,0,
20180304,2018,3,4,Sunday,1,0,,0,
20180305,2018,3,5,Monday,0,0,,0,
20180306,2018,3,6,Tuesday,0,0,,0,
20180307,2018,3,7,Wednesday,0,0,,0,
20180308,2018,3,8,Thursday,0,0,,0,
20180309,2018,3,9,Friday,0,0,,0,
20180310,2018,3,10,Saturday,1,0,,0,
20180311,2018,3,11,Sunday,1,0,,0,
20180312,2018,3,12,Monday,0,0,,0,
20180313,2018,3,13,Tuesday,0,0,,0,
20180314,2018,3,14,Wednesday,0,0,,0,
20180315,2018,3,15,Thursday,0,0,,0,
20180316,2018,3,16,Friday,0,0,,0,
20180317,2018,3,17,Saturday,1,0,,0,
20180318,2018,3,18,Sunday,1,0,,0,
20180319,2018,3,19,Monday,0,0,,0,
20180320,2018,3,20,Tuesday,0,0,,0,
20180321,2018,3,21,Wednesday,0,0,,0,
20180322,2018,3,22,Thursday,0,0,,0,
20180323,2018,3,23,Friday,0,0,,0,
20180324,2018,3,24,Saturday,1,0,,0,
20180325,2018,3,25,Sunday,1,0,,0,
20180326,2018,3,26,Monday,0,0,,0,
20180327,2018,3,27,Tuesday,0,0,,0,
20180328,2018,3,28,Wednesday,0,0,,0,
20180329,2018,3,29,Thursday,0,0,,0,
20180330,2018,3,30,Friday,0,1,Good Friday,0,
20180331,2018,3,31,Saturday,1,0,,0,
20180401,2018,4,1,Sunday,1,0,,0,
20180402,2018,4,2,Monday,0,0,,0,
20180403,2018,4,3,Tuesday,0,0,,0,
20180404,2018,4,4,Wednesday,0,0,,0,
20180405,2018,4,5,Thursday,0,0,,0,
20180406,2018,4,6,Friday,0,0,,0,
20180407,2018,4,7,Saturday,1,0,,0,
20180408,2018,4,8,Sunday,1,0,,0,
20180409,2018,4,9,Monday,0,0,,0,
20180410,2018,4,10,Tuesday,0,0,,0,
20180411,2018,4,11,Wednesday,0,0,,0,
20180412,2018,4,12,Thursday,0,0,,0,
20180413,2018,4,13,Friday,0,0,,0,
20180414,2018,4,14,Saturday,1,0,,0,
20180415,2018,4,15,Sunday,1,0,,0,
20180416,2018,4,16,Monday,0,0,,0,
20180417,2018,4,17,Tuesday,0,0,,0,
20180418,2018,4,18,Wednesday,0,0,,0,
20180419,2018,4,19,Thursday,0,0,,0,
20180420,2018,4,20,Friday,0,0,,0,
20180421,2018,4,21,Saturday,1,0,,0,
20180422,2018,4,22,Sunday,1,0,,0,
20180423,2018,4,23,Monday,0,0,,0,
20180424,2018,4,24,Tuesday,0,0,,0,
20180425,2018,4,25,Wednesday,0,0,,0,
20180426,2018,4,26,Thursday,0,0,,0,
20180427,2018,4,27,Friday,0,0,,0,
20180428,2018,4,28,Saturday,1,0,,0,
20180429,2018,4,29,Sunday,1,0,,0,
20180430,2018,4,30,Monday,0,0,,0,
20180501,2018,5,1,Tuesday,0,0,,0,
20180502,2018,5,2,Wednesday,0,0,,0,
20180503,2018,5,3,Thursday,0,0,,0,
20180504,2018,5,4,Friday,0,0,,0,
20180505,2018,5,5,Saturday,1,0,,0,
20180506,2018,5,6,Sunday,1,0,,0,
20180507,2018,5,7,Monday,0,0,,0,
20180508,2018,5,8,Tuesday,0,0,,0,
20180509,2018,5,9,Wednesday,0,0,,0,
20180510,2018,5,10,Thursday,0,0,,0,
20180511,2018,5,11,Friday,0,0,,0,
20180512,2018,5,12,Saturday,1,0,,0,
20180513,2018,5,13,Sunday,1,0,,0,
20180514,2018,5,14,Monday,0,0,,0,
20180515,2018,5,15,Tuesday,0,0,,0,
20180516,2018,5,16,Wednesday,0,0,,0,
20180517,2018,5,17,Thursday,0,0,,0,
20180518,2018,5,18,Friday,0,0,,0,
20180519,2018,5,19,Saturday,1,0,,0,
20180520,2018,5,20,Sunday,1,0,,0,
20180521,2018,5,21,Monday,0,1,Victoria Day,0,
20180522,2018,5,22,Tuesday,0,0,,0,
20180523,2018,5,23,Wednesday,0,0,,0,
20180524,2018,5,24,Thursday,0,0,,0,
20180525,2018,5,25,Friday,0,0,,0,
20180526,2018,5,26,Saturday,1,0,,0,
20180527,2018,5,27,Sunday,1,0,,0,
20180528,2018,5,28,Monday,0,0,,1,Memorial Day
20180529,2018,5,29,Tuesday,0,0,,0,
20180530,2018,5,30,Wednesday,0,0,,0,
20180531,2018,5,31,Thursday,0,0,,0,
20180601,2018,6,1,Friday,0,0,,0,
20180602,2018,6,2,Saturday,1,0,,0,
20180603,2018,6,3,Sunday,1,0,,0,
20180604,2018,6,4,Monday,0,0,,0,
20180605,2018,6,5,Tuesday,0,0,,0,
20180606,2018,6,6,Wednesday,0,0,,0,
20180607,2018,6,7,Thursday,0,0,,0,
20180608,2018,6,8,Friday,0,0,,0,
20180609,2018,6,9,Saturday,1,0,,0,
20180610,2018,6,10,Sunday,1,0,,0,
20180611,2018,6,11,Monday,0,0,,0,
20180612,2018,6,12,Tuesday,0,0,,0,
20180613,2018,6,13,Wednesday,0,0,,0,
20180614,2018,6,14,Thursday,0,0,,0,
20180615,2018,6,15,Friday,0,0,,0,
20180616,2018,6,16,Saturday,1,0,,0,
20180617,2018,6,17,Sunday,1,0,,0,
20180618,2018,6,18,Monday,0,0,,0,
20180619,2018,6,19,Tuesday,0,0,,0,
20180620,2018,6,20,Wednesday,0,0,,0,
20180621,2018,6,21,Thursday,0,0,,0,
20180622,2018,6,22,Friday,0,0,,0,
20180623,2018,6,23,Saturday,1,0,,0,
20180624,2018,6,24,Sunday,1,0,,0,
20180625,2018,6,25,Monday,0,0,,0,
20180626,2018,6,26,Tuesday,0,0,,0,
20180627,2018,6,27,Wednesday,0,0,,0,
20180628,2018,6,28,Thursday,0,0,,0,
20180629,2018,6,29,Friday,0,0,,0,
20180630,2018,6,30,Saturday,1,0,,0,
20180701,2018,7,1,Sunday,1,0,,0,
20180702,2018,7,2,Monday,0,1,Canada Day,0,
20180703,2018,7,3,Tuesday,0,0,,0,
20180704,2018,7,4,Wednesday,0,0,,1,Independence Day
20180705,2018,7,5,Thursday,0,0,,0,
20180706,2018,7,6,Friday,0,0,,0,
20180707,2018,7,7,Saturday,1,0,,0,
20180708,2018,7,8,Sunday,1,0,,0,
20180709,2018,7,9,Monday,0,0,,0,
20180710,2018,7,10,Tuesday,0,0,,0,
20180711,2018,7,11,Wednesday,0,0,,0,
20180712,2018,7,12,Thursday,0,0,,0,
20180713,2018,7,13,Friday,0,0,,0,
20180714,2018,7,14,Saturday,1,0,,0,
20180715,2018,7,15,Sunday,1,0,,0,
20180716,2018,7,16,Monday,0,0,,0,
20180717,2018,7,17,Tuesday,0,0,,0,
20180718,2018,7,18,Wednesday,0,0,,0,
20180719,2018,7,19,Thursday,0,0,,0,
20180720,2018,7,20,Friday,0,0,,0,
20180721,2018,7,21,Saturday,1,0,,0,
20180722,2018,7,22,Sunday,1,0,,0,
20180723,2018,7,23,Monday,0,0,,0,
20180724,2018,7,24,Tuesday,0,0,,0,
20180725,2018,7,25,Wednesday,0,0,,0,
20180726,2018,7,26,Thursday,0,0,,0,
20180727,2018,7,27,Friday,0,0,,0,
20180728,2018,7,28,Saturday,1,0,,0,
20180729,2018,7,29,Sunday,1,0,,0,
20180730,2018,7,30,Monday,0,0,,0,
20180731,2018,7,31,Tuesday,0,0,,0,
20180801,2018,8,1,Wednesday,0,0,,0,
20180802,2018,8,2,Thursday,0,0,,0,
20180803,2018,8,3,Friday,0,0,,0,
20180804,2018,8,4,Saturday,1,0,,0,
20180805,2018,8,5,Sunday,1,0,,0,
20180806,2018,8,6,Monday,0,1,B.C. Day,0,
20180807,2018,8,7,Tuesday,0,0,,0,
20180808,2018,8,8,Wednesday,0,0,,0,
20180809,2018,8,9,Thursday,0,0,,0,
20180810,2018,8,10,Friday,0,0,,0,
20180811,2018,8,11,Saturday,1,0,,0,
20180812,2018,8,12,Sunday,1,0,,0,
20180813,2018,8,13,Monday,0,0,,0,
20180814,2018,8,14,Tuesday,0,0,,0,
20180815,2018,8,15,Wednesday,0,0,,0,
20180816,2018,8,16,Thursday,0,0,,0,
20180817,2018,8,17,Friday,0,0,,0,
20180818,2018,8,18,Saturday,1,0,,0,
20180819,2018,8,19,Sunday,1,0,,0,
20180820,2018,8,20,Monday,0,0,,0,
20180821,2018,8,21,Tuesday,0,0,,0,
20180822,2018,8,22,Wednesday,0,0,,0,
20180823,2018,8,23,Thursday,0,0,,0,
20180824,2018,8,24,Friday,0,0,,0,
20180825,2018,8,25,Saturday,1,0,,0,
20180826,2018,8,26,Sunday,1,0,,0,
20180827,2018,8,27,Monday,0,0,,0,
20180828,2018,8,28,Tuesday,0,0,,0,
20180829,2018,8,29,Wednesday,0,0,,0,
20180830,2018,8,30,Thursday,0,0,,0,
20180831,2018,8,31,Friday,0,0,,0,
20180901,2018,9,1,Saturday,1,0,,0,
20180902,2018,9,2,Sunday,1,0,,0,
20180903,2018,9,3,Monday,0,1,Labour Day,1,Labor Day
20180904,2018,9,4,Tuesday,0,0,,0,
20180905,2018,9,5,Wednesday,0,0,,0,
20180906,2018,9,6,Thursday,0,0,,0,
20180907,2018,9,7,Friday,0,0,,0,
20180908,2018,9,8,Saturday,1,0,,0,
20180909,2018,9,9,Sunday,1,0,,0,
20180910,2018,9,10,Monday,0,0,,0,
20180911,2018,9,11,Tuesday,0,0,,0,
20180912,2018,9,12,Wednesday,0,0,,0,
20180913,2018,9,13,Thursday,0,0,,0,
20180914,2018,9,14,Friday,0,0,,0,
20180915,2018,9,15,Saturday,1,0,,0,
20180916,2018,9,16,Sunday,1,0,,0,
20180917,2018,9,17,Monday,0,0,,0,
20180918,2018,9,18,Tuesday,0,0,,0,
20180919,2018,9,19,Wednesday,0,0,,0,
20180920,2018,9,20,Thursday,0,0,,0,
20180921,2018,9,21,Friday,0,0,,0,
20180922,2018,9,22,Saturday,1,0,,0,
20180923,2018,9,23,Sunday,1,0,,0,
20180924,2018,9,24,Monday,0,0,,0,
20180925,2018,9,25,Tuesday,0,0,,0,
20180926,2018,9,26,Wednesday,0,0,,0,
20180927,2018,9,27,Thursday,0,0,,0,
20180928,2018,9,28,Friday,0,0,,0,
20180929,2018,9,29,Saturday,1,0,,0,
20180930,2018,9,30,Sunday,1,0,,0,
20181001,2018,10,1,Monday,0,0,,0,
20181002,2018,10,2,Tuesday,0,0,,0,
20181003,2018,10,3,Wednesday,0,0,,0,
20181004,2018,10,4,Thursday,0,0,,0,
20181005,2018,10,5,Friday,0,0,,0,
20181006,2018,10,6,Saturday,1,0,,0,
20181007,2018,10,7,Sunday,1,0,,0,
20181008,2018,10,8,Monday,0,1,Thanksgiving Day,1,Columbus Day
20181009,2018,10,9,Tuesday,0,0,,0,
20181010,2018,10,10,Wednesday,0,0,,0,
20181011,2018,10,11,Thursday,0,0,,0,
20181012,2018,10,12,Friday,0,0,,0,
20181013,2018,10,13,Saturday,1,0,,0,
20181014,2018,10,14,Sunday,1,0,,0,
20181015,2018,10,15,Monday,0,0,,0,
20181016,2018,10,16,Tuesday,0,0,,0,
20181017,2018,10,17,Wednesday,0,0,,0,
20181018,2018,10,18,Thursday,0,0,,0,
20181019,2018,10,19,Friday,0,0,,0,
20181020,2018,10,20,Saturday,1,0,,0,
20181021,2018,10,21,Sunday,1,0,,0,
20181022,2018,10,22,Monday,0,0,,0,
20181023,2018,10,23,Tuesday,0,0,,0,
20181024,2018,10,24,Wednesday,0,0,,0,
20181025,2018,10,25,Thursday,0,0,,0,
20181026,2018,10,26,Friday,0,0,,0,
20181027,2018,10,27,Saturday,1,0,,0,
20181028,2018,10,28,Sunday,1,0,,0,
20181029,2018,10,29,Monday,0,0,,0,
20181030,2018,10,30,Tuesday,0,0,,0,
20181031,2018,10,31,Wednesday,0,0,,0,
20181101,2018,11,1,Thursday,0,0,,0,
20181102,2018,11,2,Friday,0,0,,0,
20181103,2018,11,3,Saturday,1,0,,0,
20181104,2018,11,4,Sunday,1,0,,0,
20181105,2018,11,5,Monday,0,0,,0,
20181106,2018,11,6,Tuesday,0,0,,0,
20181107,2018,11,7,Wednesday,0,0,,0,
20181108,2018,11,8,Thursday,0,0,,0,
20181109,2018,11,9,Friday,0,0,,0,
20181110,2018,11,10,Saturday,1,0,,0,
20181111,2018,11,11,Sunday,1,1,Remembrance Day,0,
20181112,2018,11,12,Monday,0,0,,1,Veterans Day
20181113,2018,11,13,Tuesday,0,0,,0,
20181114,2018,11,14,Wednesday,0,0,,0,
20181115,2018,11,15,Thursday,0,0,,0,
20181116,2018,11,16,Friday,0,0,,0,
20181117,2018,11,17,Saturday,1,0,,0,
20181118,2018,11,18,Sunday,1,0,,0,
20181119,2018,11,19,Monday,0,0,,0,
20181120,2018,11,20,Tuesday,0,0,,0,
20181121,2018,11,21,Wednesday,0,0,,0,
20181122,2018,11,22,Thursday,0,0,,1,Thanksgiving Day
20181123,2018,11,23,Friday,0,0,,0,
20181124,2018,11,24,Saturday,1,0,,0,
20181125,2018,11,25,Sunday,1,0,,0,
20181126,2018,11,26,Monday,0,0,,0,
20181127,2018,11,27,Tuesday,0,0,,0,
20181128,2018,11,28,Wednesday,0,0,,0,
20181129,2018,11,29,Thursday,0,0,,0,
20181130,2018,11,30,Friday,0,0,,0,
20181201,2018,12,1,Saturday,1,0,,0,
20181202,2018,12,2,Sunday,1,0,,0,
20181203,2018,12,3,Monday,0,0,,0,
20181204,2018,12,4,Tuesday,0,0,,0,
20181205,2018,12,5,Wednesday,0,0,,0,
20181206,2018,12,6,Thursday,0,0,,0,
20181207,2018,12,7,Friday,0,0,,0,
20181208,2018,12,8,Saturday,1,0,,0,
20181209,2018,12,9,Sunday,1,0,,0,
20181210,2018,12,10,Monday,0,0,,0,
20181211,2018,12,11,Tuesday,0,0,,0,
20181212,2018,12,12,Wednesday,0,0,,0,
20181213,2018,12,13,Thursday,0,0,,0,
20181214,2018,12,14,Friday,0,0,,0,
20181215,2018,12,15,Saturday,1,0,,0,
20181216,2018,12,16,Sunday,1,0,,0,
20181217,2018,12,17,Monday,0,0,,0,
20181218,2018,12,18,Tuesday,0,0,,0,
20181219,2018,12,19,Wednesday,0,0,,0,
20181220,2018,12,20,Thursday,0,0,,0,
20181221,2018,12,21,Friday,0,0,,0,
20181222,2018,12,22,Saturday,1,0,,0,
20181223,2018,12,23,Sunday,1,0,,0,
20181224,2018,12,24,Monday,0,0,,0,
20181225,2018,12,25,Tuesday,0,1,Christmas Day,1,Christmas Day
20181226,2018,12,26,Wednesday,0,0,,0,
20181227,2018,12,27,Thursday,0,0,,0,
20181228,2018,12,28,Friday,0,0,,0,
20181229,2018,12,29,Saturday,1,0,,0,
20181230,2018,12,30,Sunday,1,0,,0,
20181231,2018,12,31,Monday,0,0,,0,
20190101,2019,1,1,Tuesday,0,1,New Year's Day,1,New Year's Day
20190102,2019,1,2,Wednesday,0,0,,0,
20190103,2019,1,3,Thursday,0,0,,0,
20190104,2019,1,4,Friday,0,0,,0,
20190105,2019,1,5,Saturday,1,0,,0,
20190106,2019,1,6,Sunday,1,0,,0,
20190107,2019,1,7,Monday,0,0,,0,
20190108,2019,1,8,Tuesday,0,0,,0,
20190109,2019,1,9,Wednesday,0,0,,0,
20190110,2019,1,10,Thursday,0,0,,0,
20190111,2019,1,11,Friday,0,0,,0,
20190112,2019,1,12,Saturday,1,0,,0,
20190113,2019,1,13,Sunday,1,0,,0,
20190114,2019,1,14,Monday,0,0,,0,
20190115,2019,1,15,Tuesday,0,0,,0,
20190116,2019,1,16,Wednesday,0,0,,0,
20190117,2019,1,17,Thursday,0,0,,0,
20190118,2019,1,18,Friday,0,0,,0,
20190119,2019,1,19,Saturday,1,0,,0,
20190120,2019,1,20,Sunday,1,0,,0,
20190121,2019,1,21,Monday,0,0,,1,"Martin Luther King, Jr. Day"
20190122,2019,1,22,Tuesday,0,0,,0,
20190123,2019,1,23,Wednesday,0,0,,0,
20190124,2019,1,24,Thursday,0,0,,0,
20190125,2019,1,25,Friday,0,0,,0,
20190126,2019,1,26,Saturday,1,0,,0,
20190127,2019,1,27,Sunday,1,0,,0,
20190128,2019,1,28,Monday,0,0,,0,
20190129,2019,1,29,Tuesday,0,0,,0,
20190130,2019,1,30,Wednesday,0,0,,0,
20190131,2019,1,31,Thursday,0,0,,0,
20190201,2019,2,1,Friday,0,0,,0,
20190202,2019,2,2,Saturday,1,0,,0,
20190203,2019,2,3,Sunday,1,0,,0,
20190204,2019,2,4,Monday,0,0,,0,
20190205,2019,2,5,Tuesday,0,0,,0,
20190206,2019,2,6,Wednesday,0,0,,0,
20190207,2019,2,7,Thursday,0,0,,0,
20190208,2019,2,8,Friday,0,0,,0,
20190209,2019,2,9,Saturday,1,0,,0,
20190210,2019,2,10,Sunday,1,0,,0,
20190211,2019,2,11,Monday,0,0,,0,
20190212,2019,2,12,Tuesday,0,0,,0,
20190213,2019,2,13,Wednesday,0,0,,0,
20190214,2019,2,14,Thursday,0,0,,0,
20190215,2019,2,15,Friday,0,0,,0,
20190216,2019,2,16,Saturday,1,0,,0,
20190217,2019,2,17,Sunday,1,0,,0,
20190218,2019,2,18,Monday,0,1,Family Day,1,President's Day
20190219,2019,2,19,Tuesday,0,0,,0,
20190220,2019,2,20,Wednesday,0,0,,0,
20190221,2019,2,21,Thursday,0,0,,0,
20190222,2019,2,22,Friday,0,0,,0,
20190223,2019,2,23,Saturday,1,0,,0,
20190224,2019,2,24,Sunday,1,0,,0,
20190225,2019,2,25,Monday,0,0,,0,
20190226,2019,2,26,Tuesday,0,0,,0,
20190227,2019,2,27,Wednesday,0,0,,0,
20190228,2019,2,28,Thursday,0,0,,0,
20190301,2019,3,1,Friday,0,0,,0,
20190302,2019,3,2,Saturday,1,0,,0,
20190303,2019,3,3,Sunday,1,0,,0,
20190304,2019,3,4,Monday,0,0,,0,
20190305,2019,3,5,Tuesday,0,0,,0,
20190306,2019,3,6,Wednesday,0,0,,0,
20190307,2019,3,7,Thursday,0,0,,0,
20190308,2019,3,8,Friday,0,0,,0,
20190309,2019,3,9,Saturday,1,0,,0,
20190310,2019,3,10,Sunday,1,0,,0,
20190311,2019,3,11,Monday,0,0,,0,
20190312,2019,3,12,Tuesday,0,0,,0,
20190313,2019,3,13,Wednesday,0,0,,0,
20190314,2019,3,14,Thursday,0,0,,0,
20190315,2019,3,15,Friday,0,0,,0,
20190316,2019,3,16,Saturday,1,0,,0,
20190317,2019,3,17,Sunday,1,0,,0,
20190318,2019,3,18,Monday,0,0,,0,
20190319,2019,3,19,Tuesday,0,0,,0,
20190320,2019,3,20,Wednesday,0,0,,0,
20190321,2019,3,21,Thursday,0,0,,0,
20190322,2019,3,22,Friday,0,0,,0,
20190323,2019,3,23,Saturday,1,0,,0,
20190324,2019,3,24,Sunday,1,0,,0,
20190325,2019,3,25,Monday,0,0,,0,
20190326,2019,3,26,Tuesday,0,0,,0,
20190327,2019,3,27,Wednesday,0,0,,0,
20190328,2019,3,28,Thursday,0,0,,0,
20190329,2019,3,29,Friday,0,0,,0,
20190330,2019,3,30,Saturday,1,0,,0,
20190331,2019,3,31,Sunday,1,0,,0,
20190401,2019,4,1,Monday,0,0,,0,
20190402,2019,4,2,Tuesday,0,0,,0,
20190403,2019,4,3,Wednesday,0,0,,0,
20190404,2019,4,4,Thursday,0,0,,0,
20190405,2019,4,5,Friday,0,0,,0,
20190406,2019,4,6,Saturday,1,0,,0,
20190407,2019,4,7,Sunday,1,0,,0,
20190408,2019,4,8,Monday,0,0,,0,
20190409,2019,4,9,Tuesday,0,0,,0,
20190410,2019,4,10,Wednesday,0,0,,0,
20190411,2019,4,11,Thursday,0,0,,0,
20190412,2019,4,12,Friday,0,0,,0,
20190413,2019,4,13,Saturday,1,0,,0,
20190414,2019,4,14,Sunday,1,0,,0,
20190415,2019,4,15,Monday,0,0,,0,
20190416,2019,4,16,Tuesday,0,0,,0,
20190417,2019,4,17,Wednesday,0,0,,0,
20190418,2019,4,18,Thursday,0,0,,0,
20190419,2019,4,19,Friday,0,1,Good Friday,0,
20190420,2019,4,20,Saturday,1,0,,0,
20190421,2019,4,21,Sunday,1,0,,0,
20190422,2019,4,22,Monday,0,0,,0,
20190423,2019,4,23,Tuesday,0,0,,0,
20190424,2019,4,24,Wednesday,0,0,,0,
20190425,2019,4,25,Thursday,0,0,,0,
20190426,2019,4,26,Friday,0,0,,0,
20190427,2019,4,27,Saturday,1,0,,0,
20190428,2019,4,28,Sunday,1,0,,0,
20190429,2019,4,29,Monday,0,0,,0,
20190430,2019,4,30,Tuesday,0,0,,0,
20190501,2019,5,1,Wednesday,0,0,,0,
20190502,2019,5,2,Thursday,0,0,,0,
20190503,2019,5,3,Friday,0,0,,0,
20190504,2019,5,4,Saturday,1,0,,0,
20190505,2019,5,5,Sunday,1,0,,0,
20190506,2019,5,6,Monday,0,0,,0,
20190507,2019,5,7,Tuesday,0,0,,0,
20190508,2019,5,8,Wednesday,0,0,,0,
20190509,2019,5,9,Thursday,0,0,,0,
20190510,2019,5,10,Friday,0,0,,0,
20190511,2019,5,11,Saturday,1,0,,0,
20190512,2019,5,12,Sunday,1,0,,0,
20190513,2019,5,13,Monday,0,0,,0,
20190514,2019,5,14,Tuesday,0,0,,0,
20190515,2019,5,15,Wednesday,0,0,,0,
20190516,2019,5,16,Thursday,0,0,,0,
20190517,2019,5,17,Friday,0,0,,0,
20190518,2019,5,18,Saturday,1,0,,0,
20190519,2019,5,19,Sunday,1,0,,0,
20190520,2019,5,20,Monday,0,1,Victoria Day,0,
20190521,2019,5,21,Tuesday,0,0,,0,
20190522,2019,5,22,Wednesday,0,0,,0,
20190523,2019,5,23,Thursday,0,0,,0,
20190524,2019,5,24,Friday,0,0,,0,
20190525,2019,5,25,Saturday,1,0,,0,
20190526,2019,5,26,Sunday,1,0,,0,
20190527,2019,5,27,Monday,0,0,,1,Memorial Day
20190528,2019,5,28,Tuesday,0,0,,0,
20190529,2019,5,29,Wednesday,0,0,,0,
20190530,2019,5,30,Thursday,0,0,,0,
20190531,2019,5,31,Friday,0,0,,0,
20190601,2019,6,1,Saturday,1,0,,0,
20190602,2019,6,2,Sunday,1,0,,0,
20190603,2019,6,3,Monday,0,0,,0,
20190604,2019,6,4,Tuesday,0,0,,0,
20190605,2019,6,5,Wednesday,0,0,,0,
20190606,2019,6,6,Thursday,0,0,,0,
20190607,2019,6,7,Friday,0,0,,0,
20190608,2019,6,8,Saturday,1,0,,0,
20190609,2019,6,9,Sunday,1,0,,0,
20190610,2019,6,10,Monday,0,0,,0,
20190611,2019,6,11,Tuesday,0,0,,0,
20190612,2019,6,12,Wednesday,0,0,,0,
20190613,2019,6,13,Thursday,0,0,,0,
20190614,2019,6,14,Friday,0,0,,0,
20190615,2019,6,15,Saturday,1,0,,0,
20190616,2019,6,16,Sunday,1,0,,0,
20190617,2019,6,17,Monday,0,0,,0,
20190618,2019,6,18,Tuesday,0,0,,0,
20190619,2019,6,19,Wednesday,0,0,,0,
20190620,2019,6,20,Thursday,0,0,,0,
20190621,2019,6,21,Friday,0,0,,0,
20190622,2019,6,22,Saturday,1,0,,0,
20190623,2019,6,23,Sunday,1,0,,0,
20190624,2019,6,24,Monday,0,0,,0,
20190625,2019,6,25,Tuesday,0,0,,0,
20190626,2019,6,26,Wednesday,0,0,,0,
20190627,2019,6,27,Thursday,0,0,,0,
20190628,2019,6,28,Friday,0,0,,0,
20190629,2019,6,29,Saturday,1,0,,0,
20190630,2019,6,30,Sunday,1,0,,0,
20190701,2019,7,1,Monday,0,1,Canada Day,0,
20190702,2019,7,2,Tuesday,0,0,,0,
20190703,2019,7,3,Wednesday,0,0,,0,
20190704,2019,7,4,Thursday,0,0,,1,Independence Day
20190705,2019,7,5,Friday,0,0,,0,
20190706,2019,7,6,Saturday,1,0,,0,
20190707,2019,7,7,Sunday,1,0,,0,
20190708,2019,7,8,Monday,0,0,,0,
20190709,2019,7,9,Tuesday,0,0,,0,
20190710,2019,7,10,Wednesday,0,0,,0,
20190711,2019,7,11,Thursday,0,0,,0,
20190712,2019,7,12,Friday,0,0,,0,
20190713,2019,7,13,Saturday,1,0,,0,
20190714,2019,7,14,Sunday,1,0,,0,
20190715,2019,7,15,Monday,0,0,,0,
20190716,2019,7,16,Tuesday,0,0,,0,
20190717,2019,7,17,Wednesday,0,0,,0,
20190718,2019,7,18,Thursday,0,0,,0,
20190719,2019,7,19,Friday,0,0,,0,
20190720,2019,7,20,Saturday,1,0,,0,
20190721,2019,7,21,Sunday,1,0,,0,
20190722,2019,7,22,Monday,0,0,,0,
20190723,2019,7,23,Tuesday,0,0,,0,
20190724,2019,7,24,Wednesday,0,0,,0,
20190725,2019,7,25,Thursday,0,0,,0,
20190726,2019,7,26,Friday,0,0,,0,
20190727,2019,7,27,Saturday,1,0,,0,
20190728,2019,7,28,Sunday,1,0,,0,
20190729,2019,7,29,Monday,0,0,,0,
20190730,2019,7,30,Tuesday,0,0,,0,
20190731,2019,7,31,Wednesday,0,0,,0,
20190801,2019,8,1,Thursday,0,0,,0,
20190802,2019,8,2,Friday,0,0,,0,
20190803,2019,8,3,Saturday,1,0,,0,
20190804,2019,8,4,Sunday,1,0,,0,
20190805,2019,8,5,Monday,0,1,B.C. Day,0,
20190806,2019,8,6,Tuesday,0,0,,0,
20190807,2019,8,7,Wednesday,0,0,,0,
20190808,2019,8,8,Thursday,0,0,,0,
20190809,2019,8,9,Friday,0,0,,0,
20190810,2019,8,10,Saturday,1,0,,0,
20190811,2019,8,11,Sunday,1,0,,0,
20190812,2019,8,12,Monday,0,0,,0,
20190813,2019,8,13,Tuesday,0,0,,0,
20190814,2019,8,14,Wednesday,0,0,,0,
20190815,2019,8,15,Thursday,0,0,,0,
20190816,2019,8,16,Friday,0,0,,0,
20190817,2019,8,17,Saturday,1,0,,0,
20190818,2019,8,18,Sunday,1,0,,0,
20190819,2019,8,19,Monday,0,0,,0,
20190820,2019,8,20,Tuesday,0,0,,0,
20190821,2019,8,21,Wednesday,0,0,,0,
20190822,2019,8,22,Thursday,0,0,,0,
20190823,2019,8,23,Friday,0,0,,0,
20190824,2019,8,24,Saturday,1,0,,0,
20190825,2019,8,25,Sunday,1,0,,0,
20190826,2019,8,26,Monday,0,0,,0,
20190827,2019,8,27,Tuesday,0,0,,0,
20190828,2019,8,28,Wednesday,0,0,,0,
20190829,2019,8,29,Thursday,0,0,,0,
20190830,2019,8,30,Friday,0,0,,0,
20190831,2019,8,31,Saturday,1,0,,0,
20190901,2019,9,1,Sunday,1,0,,0,
20190902,2019,9,2,Monday,0,1,Labour Day,1,Labor Day
20190903,2019,9,3,Tuesday,0,0,,0,
20190904,2019,9,4,Wednesday,0,0,,0,
20190905,2019,9,5,Thursday,0,0,,0,
20190906,2019,9,6,Friday,0,0,,0,
20190907,2019,9,7,Saturday,1,0,,0,
20190908,2019,9,8,Sunday,1,0,,0,
20190909,2019,9,9,Monday,0,0,,0,
20190910,2019,9,10,Tuesday,0,0,,0,
20190911,2019,9,11,Wednesday,0,0,,0,
20190912,2019,9,12,Thursday,0,0,,0,
20190913,2019,9,13,Friday,0,0,,0,
20190914,2019,9,14,Saturday,1,0,,0,
20190915,2019,9,15,Sunday,1,0,,0,
20190916,2019,9,16,Monday,0,0,,0,
20190917,2019,9,17,Tuesday,0,0,,0,
20190918,2019,9,18,Wednesday,0,0,,0,
20190919,2019,9,19,Thursday,0,0,,0,
20190920,2019,9,20,Friday,0,0,,0,
20190921,2019,9,21,Saturday,1,0,,0,
20190922,2019,9,22,Sunday,1,0,,0,
20190923,2019,9,23,Monday,0,0,,0,
20190924,2019,9,24,Tuesday,0,0,,0,
20190925,2019,9,25,Wednesday,0,0,,0,
20190926,2019,9,26,Thursday,0,0,,0,
20190927,2019,9,27,Friday,0,0,,0,
20190928,2019,9,28,Saturday,1,0,,0,
20190929,2019,9,29,Sunday,1,0,,0,
20190930,2019,9,30,Monday,0,0,,0,
20191001,2019,10,1,Tuesday,0,0,,0,
20191002,2019,10,2,Wednesday,0,0,,0,
20191003,2019,10,3,Thursday,0,0,,0,
20191004,2019,10,4,Friday,0,0,,0,
20191005,2019,10,5,Saturday,1,0,,0,
20191006,2019,10,6,Sunday,1,0,,0,
20191007,2019,10,7,Monday,0,0,,0,
20191008,2019,10,8,Tuesday,0,0,,0,
20191009,2019,10,9,Wednesday,0,0,,0,
20191010,2019,10,10,Thursday,0,0,,0,
20191011,2019,10,11,Friday,0,0,,0,
20191012,2019,10,12,Saturday,1,0,,0,
20191013,2019,10,13,Sunday,1,0,,0,
20191014,2019,10,14,Monday,0,1,Thanksgiving Day,1,Columbus Day
20191015,2019,10,15,Tuesday,0,0,,0,
20191016,2019,10,16,Wednesday,0,0,,0,
20191017,2019,10,17,Thursday,0,0,,0,
20191018,2019,10,18,Friday,0,0,,0,
20191019,2019,10,19,Saturday,1,0,,0,
20191020,2019,10,20,Sunday,1,0,,0,
20191021,2019,10,21,Monday,0,0,,0,
20191022,2019,10,22,Tuesday,0,0,,0,
20191023,2019,10,23,Wednesday,0,0,,0,
20191024,2019,10,24,Thursday,0,0,,0,
20191025,2019,10,25,Friday,0,0,,0,
20191026,2019,10,26,Saturday,1,0,,0,
20191027,2019,10,27,Sunday,1,0,,0,
20191028,2019,10,28,Monday,0,0,,0,
20191029,2019,10,29,Tuesday,0,0,,0,
20191030,2019,10,30,Wednesday,0,0,,0,
20191031,2019,10,31,Thursday,0,0,,0,
20191101,2019,11,1,Friday,0,0,,0,
20191102,2019,11,2,Saturday,1,0,,0,
20191103,2019,11,3,Sunday,1,0,,0,
20191104,2019,11,4,Monday,0,0,,0,
20191105,2019,11,5,Tuesday,0,0,,0,
20191106,2019,11,6,Wednesday,0,0,,0,
20191107,2019,11,7,Thursday,0,0,,0,
20191108,2019,11,8,Friday,0,0,,0,
20191109,2019,11,9,Saturday,1,0,,0,
20191110,2019,11,10,Sunday,1,0,,0,
20191111,2019,11,11,Monday,0,1,Remembrance Day,1,Veterans Day
20191112,2019,11,12,Tuesday,0,0,,0,
20191113,2019,11,13,Wednesday,0,0,,0,
20191114,2019,11,14,Thursday,0,0,,0,
20191115,2019,11,15,Friday,0,0,,0,
20191116,2019,11,16,Saturday,1,0,,0,
20191117,2019,11,17,Sunday,1,0,,0,
20191118,2019,11,18,Monday,0,0,,0,
20191119,2019,11,19,Tuesday,0,0,,0,
20191120,2019,11,20,Wednesday,0,0,,0,
20191121,2019,11,21,Thursday,0,0,,0,
20191122,2019,11,22,Friday,0,0,,0,
20191123,2019,11,23,Saturday,1,0,,0,
20191124,2019,11,24,Sunday,1,0,,0,
20191125,2019,11,25,Monday,0,0,,0,
20191126,2019,11,26,Tuesday,0,0,,0,
20191127,2019,11,27,Wednesday,0,0,,0,
20191128,2019,11,28,Thursday,0,0,,1,Thanksgiving Day
20191129,2019,11,29,Friday,0,0,,0,
20191130,2019,11,30,Saturday,1,0,,0,
20191201,2019,12,1,Sunday,1,0,,0,
20191202,2019,12,2,Monday,0,0,,0,
20191203,2019,12,3,Tuesday,0,0,,0,
20191204,2019,12,4,Wednesday,0,0,,0,
20191205,2019,12,5,Thursday,0,0,,0,
20191206,2019,12,6,Friday,0,0,,0,
20191207,2019,12,7,Saturday,1,0,,0,
20191208,2019,12,8,Sunday,1,0,,0,
20191209,2019,12,9,Monday,0,0,,0,
20191210,2019,12,10,Tuesday,0,0,,0,
20191211,2019,12,11,Wednesday,0,0,,0,
20191212,2019,12,12,Thursday,0,0,,0,
20191213,2019,12,13,Friday,0,0,,0,
20191214,2019,12,14,Saturday,1,0,,0,
20191215,2019,12,15,Sunday,1,0,,0,
20191216,2019,12,16,Monday,0,0,,0,
20191217,2019,12,17,Tuesday,0,0,,0,
20191218,2019,12,18,Wednesday,0,0,,0,
20191219,2019,12,19,Thursday,0,0,,0,
20191220,2019,12,20,Friday,0,0,,0,
20191221,2019,12,21,Saturday,1,0,,0,
20191222,2019,12,22,Sunday,1,0,,0,
20191223,2019,12,23,Monday,0,0,,0,
20191224,2019,12,24,Tuesday,0,0,,0,
20191225,2019,12,25,Wednesday,0,1,Christmas Day,1,Christmas Day
20191226,2019,12,26,Thursday,0,0,,0,
20191227,2019,12,27,Friday,0,0,,0,
20191228,2019,12,28,Saturday,1,0,,0,
20191229,2019,12,29,Sunday,1,0,,0,
20191230,2019,12,30,Monday,0,0,,0,
20191231,2019,12,31,Tuesday,0,0,,0,
